1685,1707,111.235,27.70689,-109.8514,-29.56652,Refrigeration,Refrigerator
1757,1778,104.6766,-828.3741,-104.4455,826.8272,Refrigeration,Refrigerator
1828,1849,109.6839,26.96159,-108.0563,-28.31241,Refrigeration,Refrigerator
1899,1920,108.1312,27.78663,-106.902,-33.17339,Refrigeration,Refrigerator
1971,1991,109.0899,27.89405,-107.1875,-30.7625,Refrigeration,Refrigerator
2042,2063,118.9751,28.90987,-104.3492,-27.78665,Refrigeration,Refrigerator
2114,2135,111.4807,28.06486,-109.6731,-30.90276,Refrigeration,Refrigerator
2185,2207,113.1504,29.06665,-100.5643,-30.79958,Refrigeration,Refrigerator
2258,2278,103.7695,27.19676,-102.9024,-29.87371,Refrigeration,Refrigerator
2329,2349,116.1365,28.44739,-104.1213, -30.796,Refrigeration,Refrigerator
2400,2421,108.7663,26.37707,-108.5808,-29.83606,Refrigeration,Refrigerator
2471,2492,104.9574,30.95327,-104.1253,-30.46818,Refrigeration,Refrigerator
2494,2519,120.6946,0.0549438,-119.4297,0.8419415,Entertainment,1
2545,2579,113.8635,29.11414,-100.2361,-28.47074,Refrigeration,Refrigerator
2629,2651,101.4612, 24.4524,-100.4633,-28.07087,Refrigeration,Refrigerator
2709,2732,104.008,26.95086,-103.6383,-27.67284,Refrigeration,Refrigerator
2868,2890,109.6795,24.58655,-107.9359,-30.1277,Refrigeration,Refrigerator
2957,2980,103.0917,33.58677,-102.0267,-27.30403,Refrigeration,Refrigerator
3037,3059,108.2134,24.39678,-107.6968,-32.37694,Refrigeration,Refrigerator
3196,3218,103.813, 25.4119,-102.5887,-26.57688,Refrigeration,Refrigerator
3276,3297,103.6369,32.43565,-102.6127,-27.77819,Refrigeration,Refrigerator
3368,3392,107.4203,26.54006,-106.1501,-27.19349,Refrigeration,Refrigerator
3448,3470,109.4304,26.10955,-109.0299,-31.1596,Refrigeration,Refrigerator
3528,3549,108.2378,26.40337,-107.2938,-31.25462,Refrigeration,Refrigerator
3608,3630,116.8916,24.72222,-98.55967,-27.91584,Refrigeration,Refrigerator
3690,3711,105.6,28.9, -98.7, -27.7,Refrigeration,Refrigerator
3781,3805,105.8536,23.99264,-104.7787,-26.26559,Refrigeration,Refrigerator
3862,3885,101.0334,26.77091,-100.3098,-27.2919,Refrigeration,Refrigerator
3944,3965,103.7867,27.28043,-102.5895,-27.22556,Refrigeration,Refrigerator
4024,4045,107.3347,27.27837,-106.6706,-30.6112,Refrigeration,Refrigerator
4107,4128,103.0493,28.02027,-102.3337,-25.79238,Refrigeration,Refrigerator
4198,4222,107.2242,26.94091,-105.8386,-31.25396,Refrigeration,Refrigerator
4279,4301,103.3079,28.08876,-102.3151,-26.95522,Refrigeration,Refrigerator
4360,4382,109.5003,25.32247,-108.6837,-31.08094,Refrigeration,Refrigerator
4444,4464,105.8721,29.09566,-104.8728,-26.30503,Refrigeration,Refrigerator
4525,4548,115.5599, 25.9111,-99.94845,-26.97527,Refrigeration,Refrigerator
4613,4637,115.9434,25.18575,-104.5498,-26.1453,Refrigeration,Refrigerator
4696,4718,108.4891,22.10986,-107.7662,-29.43725,Refrigeration,Refrigerator
4779,4801,107.9934,26.64207,-96.79915,-27.21703,Refrigeration,Refrigerator
4862,4883,106.6196,27.14326,-105.1483,-27.95569,Refrigeration,Refrigerator
4944,4966,115.2229, 26.2286,-102.3961,-27.41723,Refrigeration,Refrigerator
5030,5052,115.9709, 27.3337,-106.6276,-32.29633,Refrigeration,Refrigerator
5113,5136,115.9473, 26.8542,-103.9263,-27.42529,Refrigeration,Refrigerator
5196,5218,102.4264,24.98674,-100.711,-26.39041,Refrigeration,Refrigerator
5279,5301,105.5022,27.76771,-103.9727,-25.38005,Refrigeration,Refrigerator
5361,5382,108.5576,25.31571,-108.0644,-29.48149,Refrigeration,Refrigerator
5447,5468,106.6323,28.23467,-105.607,-26.94963,Refrigeration,Refrigerator
5528,5551,116.3341,26.61753,-99.85747,-27.33194,Refrigeration,Refrigerator
5611,5632,107.4285,28.26268,-106.6466,-31.66767,Refrigeration,Refrigerator
5722,5725,123.4658,0.7486783,-122.4697,-3.973596,Entertainment,1
5779,5804,111.2959,25.95993,-98.98451,-27.80991,Refrigeration,Refrigerator
5863,5886,106.2782,23.53128,-104.9769,-27.90588,Refrigeration,Refrigerator
5947,5968,105.1504,30.55477,-104.1209,-26.60859,Refrigeration,Refrigerator
6028,6050,109.7822,25.57971,-96.78846,-27.93368,Refrigeration,Refrigerator
6110,6134,116.3567,24.77805,-103.7498,-24.97692,Refrigeration,Refrigerator
6197,6221,108.7157,24.61306,-95.25945,-26.64343,Refrigeration,Refrigerator
6342,6346,1770.908,93.401529,-1769.3984,-92.490463,Cooking,Microwave Oven 1
6360,6382,105.4908,45.03939,-103.7496,-50.34131,Refrigeration,Refrigerator
6411,6414,24.5365,65.3466,-23.6538,-66.7285,Cooking,Microwave Oven 2
6439,6459,108.82,28.73733,-107.6128,-29.66276,Refrigeration,Refrigerator
6519,6541,108.3185,26.15234,-95.95177,-25.65707,Refrigeration,Refrigerator
6689,6710,114.9458,24.93434,-102.6993,-26.13463,Refrigeration,Refrigerator
6771,6792,106.9175,29.36818,-105.802,-29.52026,Refrigeration,Refrigerator
6935,6956,104.0969,28.12709,-102.7244,-27.20503,Refrigeration,Refrigerator
7103,7126,105.0598,33.84671,-103.2352,-27.45848,Refrigeration,Refrigerator
7186,7207,103.7826,29.04727,-102.7394,-30.20246,Refrigeration,Refrigerator
7348,7369,104.0806,24.22645,-103.2679,-26.42941,Refrigeration,Refrigerator
7435,7458,104.0902,32.24054,-102.8398,-26.37067,Refrigeration,Refrigerator
7517,7538,102.4377,24.00759,-101.2605,-26.60514,Refrigeration,Refrigerator
7599,7620,107.3236,25.62288,-96.49834,-25.97191,Refrigeration,Refrigerator
7681,7702,105.259,32.82287,-103.585,-26.33844,Refrigeration,Refrigerator
7764,7785,104.342,24.97193, -102.62,-26.18853,Refrigeration,Refrigerator
7849,7871,103.0309,32.58233, -101.98,-27.51777,Refrigeration,Refrigerator
7931,7953,114.1313,24.71095,-102.4418,-24.78651,Refrigeration,Refrigerator
8013,8034,105.1116,24.89054,-104.093,-26.04858,Refrigeration,Refrigerator
8096,8116,106.1148,28.61782,-104.6979,-26.24383,Refrigeration,Refrigerator
8177,8199,112.3392,24.58177,-102.2034,-26.95401,Refrigeration,Refrigerator
8263,8286,103.3194,22.91087,-102.8085,-26.95164,Refrigeration,Refrigerator
8346,8367,103.7558,25.01824,-102.5701,-27.31922,Refrigeration,Refrigerator
8428,8449,102.2872,25.25153,-101.9001,-28.77785,Refrigeration,Refrigerator
8509,8531,109.5504,26.21245,-96.99693,-27.74793,Refrigeration,Refrigerator
8591,8614,108.5733,25.49457,-96.11588,-27.70183,Refrigeration,Refrigerator
8675,8697,108.0451,27.06937,-107.2469,-28.24607,Refrigeration,Refrigerator
8757,8779,107.6179, 24.9434,-96.75282,-27.47374,Refrigeration,Refrigerator
8839,8859,106.0558,29.35543,-104.8181,-26.60977,Refrigeration,Refrigerator
8984,9011,107.0764,27.27502,-95.65195,-26.16166,Refrigeration,Refrigerator
9073,9096,105.9757, 26.5222,-101.3417,-29.9376,Refrigeration,Refrigerator
9151,9173,106.3481,29.74645, -106.13,-23.94153,Refrigeration,Refrigerator
9231,9252,112.8614,24.23824, -101.44,-26.26553,Refrigeration,Refrigerator
9310,9332,115.2503,25.12205,-101.253,-25.35504,Refrigeration,Refrigerator
9391,9412,105.5708,23.81222,-105.101,-25.53199,Refrigeration,Refrigerator
9475,9498,106.2171,24.46098,-104.9238,-27.52343,Refrigeration,Refrigerator
9556,9578,100.3767,23.53523,-99.04844,-26.46434,Refrigeration,Refrigerator
9636,9657,107.8792,24.39164,-106.7858,-31.57419,Refrigeration,Refrigerator
9717,9739,105.4229,29.16603,-104.7505,-27.24941,Refrigeration,Refrigerator
9792,9815,106.8207,23.51995,-106.0985,-30.61436,Refrigeration,Refrigerator
9878,9902,103.9741,25.78656,-102.5253,-30.39787,Refrigeration,Refrigerator
9958,9982,116.3555,27.60942,-100.1863,-28.99576,Refrigeration,Refrigerator
10040,10061,107.029,29.67031,-106.2281,-28.38784,Refrigeration,Refrigerator
10120,10142,105.3505,29.69127,-103.8406,-26.19833,Refrigeration,Refrigerator
10200,10220,109.4282,25.14703,-108.1408,-28.45596,Refrigeration,Refrigerator
10284,10307,115.1349,27.45948,-103.248,-26.50572,Refrigeration,Refrigerator
10365,10386,106.2075,23.86524,-96.72922,-23.53375,Refrigeration,Refrigerator
10449,10471,108.721, 26.2673,-107.4371,-30.66894,Refrigeration,Refrigerator
10530,10551,113.6632,27.04452,-102.6608,-25.79607,Refrigeration,Refrigerator
10610,10633,112.8598,25.23118,-102.1069,-27.36777,Refrigeration,Refrigerator
10778,10799,108.4621,25.33586,-96.61691,-27.28601,Refrigeration,Refrigerator
10858,10879,106.9285,25.01055,-105.5356,-27.3311,Refrigeration,Refrigerator
10938,10959,105.2058,24.33613,-104.6387,-26.22594,Refrigeration,Refrigerator
11018,11040,107.7887,25.53983,-106.8913,-30.92534,Refrigeration,Refrigerator
11106,11129,109.5659,24.90771,-108.569,-27.4839,Refrigeration,Refrigerator
11186,11208,113.514,24.82855,-101.5234,-26.0133,Refrigeration,Refrigerator
11262,11284,114.6827,26.77103,-103.0954,-25.51833,Refrigeration,Refrigerator
11344,11364,102.7511,24.09927,-102.1589,-25.05162,Refrigeration,Refrigerator
11424,11446,107.2244, 25.7699,-106.6822,-31.34089,Refrigeration,Refrigerator
11510,11535,103.816,32.74531,-102.8465,-29.00801,Refrigeration,Refrigerator
11595,11616,106.5269, 35.1157,-103.0859,-28.54672,Refrigeration,Refrigerator
11592,11594,54.3793,11.9341,-53.1931,-11.8174,Entertainment,2
11677,11697,103.5288,29.25852,-102.4568,-26.59903,Refrigeration,Refrigerator
11757,11778,106.9801,23.33971,-106.0568,-26.83985,Refrigeration,Refrigerator
11838,11861,107.69,32.69546,-106.6007,-27.3947,Refrigeration,Refrigerator
12004,12026,108.2237,25.44792,-107.7758,-29.72639,Refrigeration,Refrigerator
12086,12107,109.4535,24.62944,-96.35498,-27.17035,Refrigeration,Refrigerator
12135,12138,61.925,0.1184439,-120.5043,-4.460233,Entertainment,2
12174,12200,105.1101,25.44316,-103.9219,-27.80019,Refrigeration,Refrigerator
12259,12281,106.2384,29.04408,-105.2313,-26.00183,Refrigeration,Refrigerator
12341,12363,107.7966,24.38805,-107.398,-25.9804,Refrigeration,Refrigerator
12422,12444,103.0032,23.24317,-101.468,-25.66984,Refrigeration,Refrigerator
12505,12527,109.8775,24.13458,-96.46333,-27.93945,Refrigeration,Refrigerator
12592,12614,104.5852,28.67241,-104.0567,-26.23707,Refrigeration,Refrigerator
12673,12695,105.5966,25.19516,-104.7234,-25.30162,Refrigeration,Refrigerator
12756,12779,109.5581,26.49219,-97.88016,-28.65607,Refrigeration,Refrigerator
12838,12861,107.2389,24.55554,-96.75102,-26.07763,Refrigeration,Refrigerator
12921,12943,108.3947,25.73244,-97.11127,-27.13546,Refrigeration,Refrigerator
13008,13030,105.6955,24.45508,-104.8596,-26.82727,Refrigeration,Refrigerator
13091,13113,103.7061,25.15065,-103.0177,-26.49422,Refrigeration,Refrigerator
13174,13197,107.5266,24.07497,-96.88777,-27.20308,Refrigeration,Refrigerator
13257,13280,107.4319,22.06687,-96.27114,-26.23256,Refrigeration,Refrigerator
13340,13362,114.2197,25.58731,-102.7782,-25.67223,Refrigeration,Refrigerator
13427,13449,108.2179,24.91581,-97.04553,-26.43241,Refrigeration,Refrigerator
13510,13532,108.6353,25.15507,-97.71982,-26.25402,Refrigeration,Refrigerator
13593,13616,105.0383,34.71328,-103.6094,-25.88953,Refrigeration,Refrigerator
13677,13699,103.2195,27.08547,-102.2986,-26.96323,Refrigeration,Refrigerator
13759,13780,104.9879,26.12959,-104.0225,-27.77174,Refrigeration,Refrigerator
13923,13947,107.2416,24.94112,-95.72922,-25.33477,Refrigeration,Refrigerator
14168,14191,108.5693,26.94503,-95.73408,-25.89901,Refrigeration,Refrigerator
14258,14277,106.2, 32.25, -96.7, -27.3,Refrigeration,Refrigerator
14337,14359,115.6258,27.10292,-97.02044,-27.10373,Refrigeration,Refrigerator
14419,14442,105.4067,26.16018,-97.03597,-26.59353,Refrigeration,Refrigerator
14500,14501,1241.4078,505.41005,-1136.6476,-477.18155,Cooking,Microwave Oven 3
14582,14604,114.1,24.9, -96.7, -27.7,Refrigeration,Refrigerator
14668,14689,106.7764,34.36514,-105.7125,-27.03129,Refrigeration,Refrigerator
14750,14784,106.3594,29.41977,-105.7748,-25.61555,Refrigeration,Refrigerator
14835,14857,104.8709,25.41769,-103.6225,-27.11998,Refrigeration,Refrigerator
14916,14938,109.3086,24.42279,-98.1343,-25.74616,Refrigeration,Refrigerator
15160,15183,112.9582,24.31586,-101.2884,-25.82923,Refrigeration,Refrigerator
15241,15264,114.2,25.8,-95, -26.7,Refrigeration,Refrigerator
15325,15351,105.3838,26.95046,-104.9941,-29.97418,Refrigeration,Refrigerator
15401,15428,107.1,29.1, -96.4, -24.9,Refrigeration,Refrigerator
15492,15514,107.2,32.4, -95.9, -26.5,Refrigeration,Refrigerator
15570,15593,102.0491,24.91809,-101.8572,-26.26423,Refrigeration,Refrigerator
15650,15672,105.5664,29.95061,-104.4693,-27.59086,Refrigeration,Refrigerator
15729,15754,111.3334,25.03822,-98.08168,-26.26446,Refrigeration,Refrigerator
15812,15833,106.242,27.04692,-105.5268,-27.82948,Refrigeration,Refrigerator
15897,15920,104.9073,25.27017,-104.3139,-26.9668,Refrigeration,Refrigerator
15978,16000,106.2785,28.27683,-104.8369,-25.79699,Refrigeration,Refrigerator
16062,16084,100.19,26.88022,-99.73612,-26.69355,Refrigeration,Refrigerator
16142,16165,108.6393,23.52626,-96.86273,-26.53141,Refrigeration,Refrigerator
16223,16246,108.2561,25.01377,-96.52656,-26.08235,Refrigeration,Refrigerator
16309,16332,108.583,23.74564,-97.21559,-26.3214,Refrigeration,Refrigerator
16471,16493,102.0209,24.58291,-101.0312,-27.1999,Refrigeration,Refrigerator
16549,16570,104.8579,32.21601,-103.9303,-26.82945,Refrigeration,Refrigerator
16629,16652,109.3024,26.18055,-96.14822,-25.91167,Refrigeration,Refrigerator
16715,16738,99.6841,27.4344,-98.645,-24.1054,Refrigeration,Refrigerator
16797,16818,103.7735, 25.1547,-102.5348,-25.9598,Refrigeration,Refrigerator
16876,16899,101.9579,29.33409,-97.70677,-27.8907,Refrigeration,Refrigerator
16958,16980,112.6679,25.99313,-101.4151,-26.09871,Refrigeration,Refrigerator
17043,17063,104.019,34.49401,-102.2337,-25.80114,Refrigeration,Refrigerator
17129,17150,105.9769,27.03591,-104.1934,-29.19386,Refrigeration,Refrigerator
17209,17231,101.1139,26.35909,-100.4896,-27.82671,Refrigeration,Refrigerator
50958,50972,81.6425,-2.62781,-81.6425,2.62781,Entertainment,2
51030,51035,58.5678,-0.807265,-57.7019, -0.0574754,Entertainment,2
50958,51028,77.9713,89.2975,-77.9713,-89.2975,Cooking,Extractor 1
50958,51037,34.8345,71.6429,-34.8345,-71.6429,Cooking,Microwave Oven 2
51047,51048,1187.7426,-2.9157907,-1187.7426,2.9157907,Cooking,5
51047,51152,10.6477,9.22843,-10.6477,-9.22843,Lighting,1
51854,51890,114.7993,34.40991,-103.2069,-30.46894,Refrigeration,Refrigerator
51952,51986,107.6714,33.67518,-96.3699,-28.74085,Refrigeration,Refrigerator
52055,52088,116.4324,34.46843,-102.5145,-29.69611,Refrigeration,Refrigerator
52160,52192,111.1829,32.54379,-98.98625,-30.64063,Refrigeration,Refrigerator
52224,52509,Cleaning,Washing Machine
52516,52557,10.9, 0.95,-10.9, 2.55,Lighting,1
52581,52673,Cleaning,Washing Machine
52749,53183,Cleaning,Washing Machine
53294,53326,107.5331,28.31303,-95.51038,-28.49185,Refrigeration,Refrigerator
53401,53433,112.4371,28.77882,-99.93478,-29.59932,Refrigeration,Refrigerator
53509,53541,105.4816,31.31857,-96.69811,-29.17279,Refrigeration,Refrigerator
53529,53582,41.7194,68.6353,-48.845,-67.3852,Cooking,Microwave Oven 2
53617,53649,103.1546,30.74599,-102.5641, -33.452,Refrigeration,Refrigerator
54682,54710,114.1012,30.83102,-102.1376,-29.20148,Refrigeration,Refrigerator
54774,54802,111.8951, 29.4482,-99.89505,-30.10915,Refrigeration,Refrigerator
54867,54895,115.4807,29.67867,-103.2511,-30.70735,Refrigeration,Refrigerator
54960,54988,110.7159,29.41511,-100.2544,-30.61138,Refrigeration,Refrigerator
55422,56151,Cleaning,Washing Machine
56182,56205,116.4779,-2.288661,-115.1634,4.080377,Entertainment,1
56325,56357,107.7058,31.44959,-95.8142,-32.29501,Refrigeration,Refrigerator
56431,56464,106.6951,29.12008,-95.74209,-28.29279,Refrigeration,Refrigerator
56538,56572,116.8365,29.03893,-103.9914,-30.46406,Refrigeration,Refrigerator
56647,56680,106.8002,30.42298,-95.44386,-30.85467,Refrigeration,Refrigerator
56706,56783,Cleaning,Washing Machine
56843,56844,18.2225,-5.04373,-17.1657,6.39645,Lighting,1
56846,56849,1803.4845,38.185106,-1802.9933,-37.572518,Cooking,Microwave Oven 1
56947,56990,108.7,32.6, -98.6, -29.6,Refrigeration,Refrigerator
56992,57009,83.1, 68.9,-83.1,-68.3,Cooking,Extractor 2
57052,57085,105.85, 32.45, -94.8, -29.1,Refrigeration,Refrigerator
57150,57399,Cleaning,Washing Machine
57688,57722,103.8182,31.97082,-102.3206,-30.41353,Refrigeration,Refrigerator
57846,57884,114.7818,29.56113,-103.2561,-30.5973,Refrigeration,Refrigerator
57957,58310,Cleaning,Washing Machine
58365,58403,110.5343,33.12744,-99.36917,-28.5253,Refrigeration,Refrigerator
58424,58427,1826.825,0.60149373,-1826.2159,0.56047368,Cooking,Microwave Oven 1
58502,58504,1802.3719,17.759487,-1801.5058,-20.805996,Cooking,Microwave Oven 1
58507,58511,26.6097,-21.6855,-26.1199,26.58,Lighting,2
58530,58897,Cleaning,Washing Machine
59029,59068,114.5708,33.81254,-100.4996,-29.58042,Refrigeration,Refrigerator
59154,59192,107.6782,33.74251,-97.13595,-30.99156,Refrigeration,Refrigerator
59402,59473,Cleaning,Washing Machine
59603,59606,1752.6802,1.2706553,-1751.3505,-0.28716134,Cooking,Microwave Oven 1
59689,59692,143.7912,7.081984,-134.0752,1.327143,Entertainment,3
59760,59810,110.1039,28.45147,-103.3682,-30.52365,Refrigeration,Refrigerator
59767,59769,873.9078,-2.615985,-872.953,3.763014,Cooking,7
59924,60013,Cleaning,Washing Machine
60478,60480,48.2072,68.0572,-47.2006,-67.8587,Cooking,Microwave Oven 2
60879,60993,Cleaning,Washing Machine
61019,61022,1740.3336,-67.899111,-1739.5508,69.348543,Cooking,Microwave Oven 1
61070,61072,863.3238,-16.25532,-870.2636, 16.7098,Cooking,7
61198,61199,59.0833,0.788965,-58.2292,-0.329949,Entertainment,2
61244,61249,27.7428,0.266865,-58.5435,-0.149967,Lighting,1
61252,61281,29.8834,2.11069,-29.8834,-2.11069,Lighting,1
61254,61281,28.1293,1.86106,-28.1293,-1.86106,Lighting,1
61213,61216,1792.2403,0.52338755,-1793.7496,0.53913474,Cooking,Microwave Oven 1
61224,61291,25.5752,-21.4839,-24.6445,22.3451,Lighting,2
61234,61278,50.1606,23.5615,-50.1606,-23.5615,Entertainment,4
61236,61278,48.0981,25.7322,-48.0981,-25.7322,Entertainment,4
61411,61829,Cleaning,Washing Machine
61902,61934,102.5799,32.04101,-101.2417,-30.80396,Refrigeration,Refrigerator
62101,62132,104.9821,34.56011,-103.9871,-30.11159,Refrigeration,Refrigerator
62203,62233,107.65, 32.75,-97.55, -30.6,Refrigeration,Refrigerator
62256,62296,26.1696,79.1843,-25.1109,-76.1036,Cooking,Microwave Oven 2
62364,62648,Cleaning,Washing Machine
62764,62769,1210.2227,-8.7576536,-1197.0519,9.3466963,Cooking,5
63347,63378,107.95,30.5, -97.8, -30.3,Refrigeration,Refrigerator
63447,63479,110.6062,30.18302,-95.27013,-31.66048,Refrigeration,Refrigerator
63653,63683,103.5099,31.64249,-101.8329,-30.74741,Refrigeration,Refrigerator
63754,63822,Cleaning,Washing Machine
64753,64786,84.0414,44.9409,-72.7698,-44.3343,Entertainment,5
64942,64974,107,32.7,-97, -31.3,Refrigeration,Refrigerator
65041,65071,107.1,29.5, -96.8, -28.8,Refrigeration,Refrigerator
65141,65171,103.0522,28.21876,-102.094,-29.9414,Refrigeration,Refrigerator
66113,66144,106.2539,29.31617,-105.3357,-31.78371,Refrigeration,Refrigerator
66205,66236,110.4027,29.62483,-98.65361,-31.64572,Refrigeration,Refrigerator
66299,66330,110.3307,28.04056,-99.05066,-31.35831,Refrigeration,Refrigerator
66393,66424,108.4941,28.94416,-96.97938,-32.25728,Refrigeration,Refrigerator
66489,66519,111.1845,27.45332,-99.35725,-32.46913,Refrigeration,Refrigerator
66554,66622,Cleaning,Washing Machine
66963,66967,1785.5719,-32.696026,-1785.5719,32.696026,Cooking,Microwave Oven 1
66963,66994,1182.1461,-10.244847,-1182.1461,10.244847,Cooking,5
66997,67005,580.0891,-4.317931,-580.0891,4.317931,Cooking,8
66999,67005,582.0601,-6.286698,-582.0601,6.286698,Cooking,8
67754,67788,103.6887, 33.6374,-102.533,-29.55578,Refrigeration,Refrigerator
67856,67889,101.3539, 28.7733,-100.6521,-33.34295,Refrigeration,Refrigerator
67960,67994,108.8335,27.57153,-98.64117,-28.85717,Refrigeration,Refrigerator
68067,68069,1778.3413,21.848301,-1722.6601,21.360688,Cooking,Microwave Oven 1
68189,68193,1771.9734,11.966354,-1768.8017,23.534115,Cooking,Microwave Oven 1
68326,68330,1808.4498,-29.461957,-67.556432,-87.034596,Cooking,Microwave Oven 1
68452,68487,111.55,34.7,-101.5,-32,Refrigeration,Refrigerator
69100,69136,113.9269,29.80829,-109.1548,-30.55283,Refrigeration,Refrigerator
69237,69259,135.4852,0.01919183,-134.704,-8.237335,Entertainment,3
69276,69318,113.4,29.6, -103.05, -28.1,Refrigeration,Refrigerator
69281,69314,10.2,5.7, -10.05,-2,Lighting,1
69379,69411,110.5688,27.53709,-110.2358,-30.82161,Refrigeration,Refrigerator
69474,69505,107.3301,30.20579,-105.655,-30.23896,Refrigeration,Refrigerator
69549,69600,Cleaning,Washing Machine
69732,69817,Cleaning,Washing Machine
70016,70090,Cleaning,Washing Machine
70469,70499,107.3,33.1, -97.3, -32.2,Refrigeration,Refrigerator
70657,70686,112.9477,35.78232,-100.8131,-29.63889,Refrigeration,Refrigerator
70750,70781,110.8193,33.07346,-99.05459,-32.00406,Refrigeration,Refrigerator
71098,71100,1863.2826,-14.923233,-1775.5131,14.765661,Cooking,Microwave Oven 1
71166,71167,1769.9746,-1.7176638,-1777.5547,-77.030268,Cooking,Microwave Oven 1
70897,70901,1806.0646,0.011976776,-1760.2841,4.7977102,Cooking,Microwave Oven 1
70904,71165,48.3566,55.2047,-82.8341,-89.4336,Cooking,Extractor 3
70907,71131,114.537,3.677231,-93.44448,-1.882958,Entertainment,1
70935,70936,884.7574,-19.20426,-884.7574,19.20426,Cooking,7
70935,70941,102.1224,6.600772,-102.1224,-6.600772,Entertainment,1
71908,71937,113.1295,35.19206,-102.1052,-32.02489,Refrigeration,Refrigerator
72003,72032,109.6037,34.63955,-99.23024,-33.55152,Refrigeration,Refrigerator
72099,72128,110.8582,35.47371,-99.70048,-30.30804,Refrigeration,Refrigerator
72291,72320,108.9094, 29.4159,-98.49491,-28.10025,Refrigeration,Refrigerator
73484,73510,115.83,33.38037,-101.5787,-30.89284,Refrigeration,Refrigerator
73576,73600,107.4,32, -97.1, -31.3,Refrigeration,Refrigerator
73667,73692,101.5466,33.08944,-100.6806,-31.09274,Refrigeration,Refrigerator
73758,73785,113.2401,32.35637,-100.9317,-29.2765,Refrigeration,Refrigerator
73851,73876,108.3314,33.42936,-96.6924,-29.76908,Refrigeration,Refrigerator
73943,73970,116.3147,33.22356,-102.5295,-28.43036,Refrigeration,Refrigerator
74010,74014,1756.269, 38.14964,-1754.8032,-37.16275,Cooking,Microwave Oven 1
74033,74069,Cleaning,Washing Machine
74246,74297,Cleaning,Washing Machine
74329,74359,Cleaning,Washing Machine
74744,74749,24.8224,-11.8718,-24.8224,11.8718,Lighting,2
74744,74769,78.9113,9.06339,-78.9113,-9.06339,Entertainment,2
75006,75032,114.938,33.34227,-102.5127,-29.35241,Refrigeration,Refrigerator
75096,75123,114.4576,33.85337,-98.9828,-29.79841,Refrigeration,Refrigerator
75108,75110,19.9263,-8.14004,-23.0409,10.0885,Lighting,1
75423,75427,13.45653,-103.5432,-13.39975,104.4587,Cooking,Extractor 3
75482,75483,14.2233,182.1981, -13.755,-181.9591,Cooking,Microwave Oven 4
75501,75504,1812.3281,-3.9065644,-1800.6496,8.7536576,Cooking,Microwave Oven 1
75562,75564,1816.629,2.4712597,-1826.5181,27.798037,Cooking,Microwave Oven 1
75607,76216,Cleaning,Washing Machine
76430,76444,10.201,0.289282,-10.201,-0.289282,Lighting,1
76430,76457,90.1739,30.3303,-90.1739,-30.3303,Entertainment,5
77728,77758,108.8491,30.10074,-98.68404,-30.71551,Refrigeration,Refrigerator
77928,77958,111.2404, 29.6884,-99.67619,-32.17446,Refrigeration,Refrigerator
77981,77983,26.1678,83.4101,-25.3829,-83.0632,Cooking,Microwave Oven 2
78028,78059,115.2041,31.53558,-103.8053,-30.01935,Refrigeration,Refrigerator
78130,78270,Cleaning,Washing Machine
78409,78454,117.9204,33.50415,-102.583,-30.16232,Refrigeration,Refrigerator
78415,78417,1799.8765,-31.641707,-1797.8615,32.592806,Cooking,Microwave Oven 1
78469,78470,73.2285,1.59724,-71.9125,-1.25203,Entertainment,2
78500,78539,106.0441,29.57649,-94.43478,-29.49859,Refrigeration,Refrigerator
79135,79167,111.5558,15.62462,-99.94061,-29.04278,Refrigeration,Refrigerator
78593,78720,56.5385,17.1728,-56.5385,-17.1728,Entertainment,2
78595,78720,46.5789,16.5642,-46.5789,-16.5642,Entertainment,2
78749,79082,58.8822,0.548256,-58.8822,-0.548256,Entertainment,2
78754,78783,61.9043,0.531888,-62.6786,-3.19122,Entertainment,2
79072,79136,55.4803,6.00994,-53.2643,-11.6911,Entertainment,2
78634,78641,485.1237,7.132098,-485.1237,-7.132098,Cooking,11
78634,78644,1189.019,-5.9444701,-1189.019,5.9444701,Cooking,5
78645,78689,599.1227,-0.4921952,-585.0965,29.92648,Cooking,8
78756,79082,88.3469,-0.446359,-88.3469,0.446359,Entertainment,6
78762,79100,40.3547, -0.0983559,-40.3547,0.0983559,Entertainment,7
78764,78767,142.8776,5.959909,-146.1858,-4.052325,Entertainment,3
78766,79100,96.5741, 31.848,-96.5741,-31.848,Entertainment,5
78957,79082,98.6313, 29.536,-98.6313,-29.536,Entertainment,5
79011,79036,123.8196,0.01886316,-124.1765,-8.064919,Entertainment,1
79227,79256,107.7786, 32.6931,-96.62506,-31.27634,Refrigeration,Refrigerator
79417,79444,105.8, 32.75, -94.9, -31.9,Refrigeration,Refrigerator
79608,79734,Cleaning,Washing Machine
79876,79904,110.7315,32.47328,-99.67469,-28.92619,Refrigeration,Refrigerator
79962,80022,Cleaning,Washing Machine
80042,80074,106.235,30.82728,-105.9316,-27.36106,Refrigeration,Refrigerator
80080,80084,1774.0161,0.94245865,-1773.0397,-0.24865378,Cooking,Microwave Oven 1
83415,83454,102.5795,32.13192,-101.7175,-30.23922,Refrigeration,Refrigerator
83499,83531,104.6537,32.40128,-103.2011,-30.12779,Refrigeration,Refrigerator
83585,83615,103.0508,32.53426,-102.0556,-29.90965,Refrigeration,Refrigerator
83673,83700,104.5424,32.47005,-103.6273,-30.2586,Refrigeration,Refrigerator
83886,83889,1806.4092,22.055535,-1804.7923,-20.646765,Cooking,Microwave Oven 1
83900,83924,134.8128,0.8310904,-134.4193,-4.505791,Entertainment,3
83986,83989,1165.1658,-17.848094,-1165.1658,17.848094,Cooking,5
83986,84181,96.88617,106.0068,-96.88617,-106.0068,Cooking,Extractor 4
84027,84055,97.2232,-0.395021,-92.7757,8.34242,Entertainment,6
84106,84136,53.1806, 2.2279,-78.3889, 15.178,Entertainment,2
84191,84222,113.5068,35.90795,-102.5749,-32.38674,Refrigeration,Refrigerator
84867,84892,109.9,35.2, -99.1, -33.4,Refrigeration,Refrigerator
84947,84973,108.8279,34.90663,-102.784,-31.64395,Refrigeration,Refrigerator
84952,84954,23.3789,55.8868,-27.4902,-67.2909,Cooking,Microwave Oven 2
85029,85055,112.3466, 34.4608,-100.523,-32.65527,Refrigeration,Refrigerator
85111,85137,110.2252, 35.5568,-99.28942,-31.47797,Refrigeration,Refrigerator
85193,85219,108.95, 33.45, -98.6,-32.25,Refrigeration,Refrigerator
85276,85301,110.3217,33.26328,-99.08669,-31.90003,Refrigeration,Refrigerator
86250,86284,106.5687,33.88325,-95.17579,-30.62725,Refrigeration,Refrigerator
86347,86380,109.0584, 33.4153,-97.77581,-32.8932,Refrigeration,Refrigerator
86360,86361,7.7448,1.1862,-9.7938,0.59723,Lighting,1
86447,86480,111.5982, 36.0653,-100.4569,-31.31159,Refrigeration,Refrigerator
86650,86681,112.5422,35.89749,-101.049,-31.00095,Refrigeration,Refrigerator
86754,87187,Cleaning,Washing Machine
87798,87827,100.7073,31.70694,-99.93394,-30.46229,Refrigeration,Refrigerator
88066,88094,108.2046,33.34555,-97.17198,-29.74267,Refrigeration,Refrigerator
88158,88188,Cleaning,Washing Machine
88198,88289,Cleaning,Washing Machine
89273,89302,103.9225,34.15028,-102.4167,-31.44344,Refrigeration,Refrigerator
89364,89393,106.2853, 28.7667,-105.0139,-29.99604,Refrigeration,Refrigerator
89456,89486,109.9608,28.86983,-99.09466,-30.89744,Refrigeration,Refrigerator
89547,89577,110.1074,33.68879,-97.83259,-30.00993,Refrigeration,Refrigerator
89609,89701,Cleaning,Washing Machine
89968,89974,144.0532,1.137161,-143.0543,-1.834245,Entertainment,3
89991,90023,111.3625,33.49703,-100.817,-31.54467,Refrigeration,Refrigerator
90074,90075,1374.5163, 594.6726,-1265.0734,-559.80781,Cooking,Microwave Oven 5
90154,90194,105.6021, 33.0802,-104.2266,-35.64723,Refrigeration,Refrigerator
90149,90152,1262.6833,3.9515744,-1261.4391,0.37017149,Cooking,5
90659,90675,103.0165, 33.5304,-98.62646,-32.62262,Refrigeration,Refrigerator
91150,91158,16.12799,181.8354,-16.12799,-181.8354,Cooking,Microwave Oven 4
91150,91286,67.315,-80.5251,-67.315,80.5251,Cooking,Microwave Oven 5
91639,92041,Cleaning,Washing Machine
92217,92259,114.8749,28.43376,-103.8051,-30.91784,Refrigeration,Refrigerator
92335,92376,103.5967,27.83839,-105.5082,-30.71105,Refrigeration,Refrigerator
92456,92496,110.4071,28.75093,-98.58955,-29.06062,Refrigeration,Refrigerator
92809,92852,104.2606,30.43663,-100.8889,-29.54939,Refrigeration,Refrigerator
92819,92821,145.9413,2.289168,-148.6194,-1.083824,Entertainment,3
92868,92875,58.6781,1.77606,-57.5247,-0.675361,Entertainment,2
92920,93079,Cleaning,Washing Machine
93451,93476,111.5332,34.62296,-99.82704,-31.42698,Refrigeration,Refrigerator
93531,93554,106.679,35.29347,-105.7008,-33.04379,Refrigeration,Refrigerator
93610,93634,108.3, 34.05,-98.25, -32.6,Refrigeration,Refrigerator
93685,93706,126.7955,5.488975,-126.169,0.7418087,Entertainment,1
93797,93823,105.2815,32.72651,-104.4208,-30.89626,Refrigeration,Refrigerator
93876,93903,104.5406,34.63455,-99.54855,-30.6676,Refrigeration,Refrigerator
93892,93928,46.9483, 72.004,-49.6241,-68.9167,Cooking,Microwave Oven 2
93955,93982,106.9189,32.16941,-105.9337,-28.88663,Refrigeration,Refrigerator
94359,94520,91.0928,-1.85937,-91.0928,1.85937,Entertainment,6
94363,94520,1216.518, 1.580567,-1216.518,-1.580567,Cooking,5
95084,95115,106.8433,34.33418,-105.954,-32.11617,Refrigeration,Refrigerator
95264,95293,108.55, 33.75, -99.8, -31.1,Refrigeration,Refrigerator
95276,95277,27.15, 30.8,-35.9,-30.2,Lighting,3
95313,95335,69.0395,-0.637419,-69.0395,0.637419,Entertainment,2
95313,95337,67.4138,-0.267458,-67.4138,0.267458,Entertainment,2
95411,95415,1791.5785,-0.32278786,-1790.8075,1.1328191,Cooking,Microwave Oven 1
95519,95520,1770.1812,89.355951,-1764.1614,4.2231464,Cooking,Microwave Oven 1
95620,95636,110.7557,0.3766309,-110.7557,-0.3766309,Entertainment,1
95635,95636,1749.9008,-43.564498,-1749.9008,43.564498,Cooking,Microwave Oven 1
95635,95650,85.8352,-5.78744,-85.8352,5.78744,Entertainment,6
95635,95636,1740.2986,-34.234487,-1740.2986,34.234487,Cooking,Microwave Oven 1
95707,95738,112.4437,33.73055,-101.1994,-30.39059,Refrigeration,Refrigerator
95758,95766,1170.827,-6.7763206,-1153.6956,2.9129869,Cooking,5
95767,95801,1153.8419,-2.863286,-1153.8419, 2.863286,Cooking,5
96024,96027,13.8049,4.64417,-10.1651,-14.5136,Lighting,1
96153,96161,19.275,17.5972,-19.275,-17.5972,Lighting,1
96153,96238,9.8051,1.4505,-9.8051,-1.4505,Lighting,1
96221,96224,11.3252,16.4032,-10.4763,-10.9997,Lighting,1
96239,96240,20.1971,20.2235,-19.4814,-19.7033,Lighting,1
95767,95808,10.1609,-1.60642,-10.1609,1.60642,Lighting,1
96153,96220,118.9357,1.389633,-118.9357,-1.389633,Entertainment,1
97400,97721,84.8,95.3,-137.6, -85.2,Cooking,Extractor 1
97423,97515,17.1, 14.3,-17.1,-14.3,Lighting,1
97423,97538,25.1,2.9,-25.1, -2.9,Lighting,1
97423,97712,36.4,-22.9,-36.4, 22.9,Lighting,2
97514,97717,55.6,2.7,-24.7,-10.4,Entertainment,2
97755,97786,110.6636,33.85276,-99.3765,-30.9048,Refrigeration,Refrigerator
97844,97875,109.9635,34.54836,-98.99909,-33.75872,Refrigeration,Refrigerator
97934,97964,114.3277,35.06611,-102.9237,-31.44611,Refrigeration,Refrigerator
98025,98056,103.483,34.22299,-102.2528,-30.28292,Refrigeration,Refrigerator
