1684,1686,12.1089,1.36651,-12.1089,-1.36651,Lighting,1
1684,1693,10.7049,1.33006,-10.7049,-1.33006,Lighting,1
1684,1710,83.328, 110.083, -83.328,-110.083,Cooking,Extractor 1
1730,1746,79.0571,90.9519, -88.09,-90.3457,Refrigeration,Refrigerator
1738,1740,10.9143,-0.839423,-10.9143,0.839423,Lighting,1
1738,1764,83.98253,113.1924,-83.98253,-113.1924,Cooking,Extractor 1
1798,1806,82.3024, 65.614,-90.0382,-73.2465,Cooking,Extractor 2
1849,1894,Cleaning,Washing Machine
2808,2829,79.8432,95.6042,-74.6542,-92.5036,Refrigeration,Refrigerator
2794,2796,10.9992,-2.17128,-10.9992,2.17128,Lighting,1
2794,2803,9.5872,-0.12807,-9.5872,0.12807,Lighting,1
2794,2822,87.94565,113.2648,-87.94565,-113.2648,Cooking,Extractor 1
2874,2894,81.5516,93.0189,-80.8381,-90.672,Refrigeration,Refrigerator
2849,2854,11.6191,2.67869,-11.6191,-2.67869,Lighting,1
2849,2864,6.27,-3.855, -6.27, 3.855,Lighting,1
2849,2876,79.74647,110.6115,-79.74647,-110.6115,Cooking,Extractor 1
2905,2907,11.774,-4.35194,-11.774,4.35194,Lighting,1
2905,2914,9.7729,0.45791,-9.7729,-0.45791,Lighting,1
2905,2931,82.80573,113.0831,-82.80573,-113.0831,Cooking,Extractor 1
2940,2961,78.454,94.9423,-78.8009,-89.6577,Refrigeration,Refrigerator
3069,3071,11.9943,1.13208,-11.9943,-1.13208,Lighting,1
3069,3076,9.7799,-2.0278,-9.7799,2.0278,Lighting,1
3069,3096,76.9409, 113.728,-76.9409,-113.728,Cooking,Extractor 1
3124,3126,10.2916,-3.79478,-10.2916,3.79478,Lighting,1
3124,3132,10.977,0.825499,-10.977,-0.825499,Lighting,1
3124,3150,83.81234,113.0895,-83.81234,-113.0895,Cooking,Extractor 1
3178,3180,13.0107,5.72301,-13.0107,-5.72301,Lighting,1
3178,3184,10.3726, -0.0340125,-10.3726,0.0340125,Lighting,1
3178,3205,80.07518,110.7144,-80.07518,-110.7144,Cooking,Extractor 1
3235,3366,Cleaning,Washing Machine
4203,4205,12.2872,-1.67578,-12.2872,1.67578,Lighting,1
4203,4211,11.1742,-1.37057,-11.1742,1.37057,Lighting,1
4203,4229,82.79019,111.2322,-82.79019,-111.2322,Cooking,Extractor 1
4239,4255,85.6592,91.8165,-83.0913,-90.6247,Refrigeration,Refrigerator
4257,4260,14.8209,0.332266,-14.8209,-0.332266,Lighting,1
4257,4283,84.32622, 112.443,-84.32622,-112.443,Cooking,Extractor 1
4298,4313,79.0395,92.7024,-83.7436,-94.595,Refrigeration,Refrigerator
4311,4336,100.3322,110.6089,-82.95816,-111.9793,Cooking,Extractor 1
4413,4433,86.9885,94.1805,-80.9577,-92.1153,Refrigeration,Refrigerator
4417,4419,12.699,2.58546,-12.699,-2.58546,Lighting,1
4417,4422,14.2497,-1.24242,-14.2497,1.24242,Lighting,1
4417,4443,84.15566,113.3111,-84.15566,-113.3111,Cooking,Extractor 1
4482,4501,78.1157,93.6971,-73.5434,-92.3012,Refrigeration,Refrigerator
4470,4475,11.6137,2.56942,-11.6137,-2.56942,Lighting,1
4470,4494,10.5474,0.853133,-10.5474,-0.853133,Lighting,1
4470,4496,80.64552,115.4766,-80.64552,-115.4766,Cooking,Extractor 1
4513,4517,87.6603,74.9753,-86.1856,-74.2652,Cooking,Extractor 2
4548,4566,76.9502,93.4964,-72.2131,-91.5476,Refrigeration,Refrigerator
4524,4526,9.9944,-0.35666,-9.9944,0.35666,Lighting,1
4524,4533,9.5903,-2.5048,-9.5903,2.5048,Lighting,1
4524,4549,78.54141,111.1193,-78.54141,-111.1193,Cooking,Extractor 1
4524,4563,9.4042,-0.11898,-9.4042,0.11898,Lighting,1
4575,4580,84.9853,73.10784,-101.5758,-73.59689,Cooking,Extractor 2
4577,4603,108.8192, 114.437,-101.9966,-114.7412,Cooking,Extractor 3
4612,4627,98.3503,95.5944,-84.1795,-91.0255,Refrigeration,Refrigerator
4631,4633,10.4695,1.36052,-10.4695,-1.36052,Lighting,1
4631,4656,84.15327,110.7201,-84.15327,-110.7201,Cooking,Extractor 1
4670,4687,86.6115,95.4261,-87.4646,-90.3162,Refrigeration,Refrigerator
4727,4745,80.4774, 93.722,-72.9277,-90.371,Refrigeration,Refrigerator
4784,4802,82.6128,94.9212,-87.7961,-83.489,Refrigeration,Refrigerator
4856,4870,78.2551,93.0883,-83.3693,-79.108,Refrigeration,Refrigerator
4868,4870,79.1469,82.7364,-83.3693,-79.108,Refrigeration,Refrigerator
4919,5004,94.3092,94.6292,-92.0322,-85.9908,Refrigeration,Refrigerator
4973,5004,80.0304,91.8456,-92.0322,-85.9908,Refrigeration,Refrigerator
4696,4698,84.6189,67.6004,-85.6032,-65.5585,Cooking,Extractor 2
4711,4715,85.8828,67.5677,-84.2484,-65.4928,Cooking,Extractor 2
4944,4947,85.112,69.3605,-85.6627,-67.8274,Cooking,Extractor 2
4699,4708,1248.1149,-16.76851,-1260.4731,-92.877733,Cooking,4
4996,4997,60.0004,-2.77882,-56.4046,4.67034,Entertainment,1
5045,5070,91.0613,94.0173,-72.6492,-94.887,Refrigeration,Refrigerator
5095,5259,Cleaning,Washing Machine
5649,5652,12.7304,-4.39927,-12.7304,4.39927,Lighting,1
5649,5662,10.5258,0.620171,-10.5258,-0.620171,Lighting,1
5649,5675,82.19846,112.5118,-82.19846,-112.5118,Cooking,Extractor 1
5702,5705,9.7104,-2.7445,-9.7104,2.7445,Lighting,1
5702,5719,9.9763,-2.8689,-9.9763,2.8689,Lighting,1
5702,5728,81.47911,114.4875,-81.47911,-114.4875,Cooking,Extractor 1
5741,5758,85.5966,94.9813,-82.7937,-92.778,Refrigeration,Refrigerator
5797,5813,90.9866,95.1921,-89.3574,-95.6162,Refrigeration,Refrigerator
5809,5826,8.7562,-0.33607,-8.7562,0.33607,Lighting,1
5809,5835,81.2789,114.0784,-81.2789,-114.0784,Cooking,Extractor 1
5854,5870,79.6148,92.2494,-74.0581,-94.7048,Refrigeration,Refrigerator
5862,5864,13.254,-0.66549,-13.254,0.66549,Lighting,1
5862,5868,11.9138,0.939568,-11.9138,-0.939568,Lighting,1
5862,5888,86.05392,113.5256,-86.05392,-113.5256,Cooking,Extractor 1
5913,5941,78.3229,-306.3784,-81.81417,286.4019,Entertainment,1
5973,5990,77.6154,93.8992,-77.8505,-92.802,Refrigeration,Refrigerator
5968,5971,12.8304,-1.04263,-12.8304,1.04263,Lighting,1
5968,5982,9.946,0.97718,-9.946,-0.97718,Lighting,1
5968,5993,79.66525,116.4837,-79.66525,-116.4837,Cooking,Extractor 1
6012,6017,87.9169,71.0649,-85.5143,-67.7993,Cooking,Extractor 2
6035,6046,74.12962,94.479,-87.23382,-113.595,Refrigeration,Refrigerator
6094,6100,77.43872, 95.5012,-82.63009,-113.9357,Refrigeration,Refrigerator
6129,6167,Cleaning,Washing Machine
6399,6457,77.2221,87.7279,-72.1016,-89.8444,Refrigeration,Refrigerator
6390,6391,27.9688,3.85686,-26.4583,-4.3884,Entertainment,2
6394,6396,45.2778,0.583934,-45.2778,-0.583934,Entertainment,2
6392,6412,23.0298,-10.4229,-23.0298,10.4229,Entertainment,2
6438,6487,25.3591,-2.84432,-25.3591,2.84432,Entertainment,2
6442,6487,39.6051,-0.301529,-39.6051,0.301529,Entertainment,2
6394,6440,99.33659,116.0852,-99.33659,-116.0852,Cooking,Extractor 3
6464,6495,109.2709,108.5018,-76.90746,-143.4981,Cooking,Extractor 3
6392,6393,45.182,-31.9325,-45.182,31.9325,Entertainment,3
6405,6408,1444.7142,579.96133,-1454.7268,-575.88819,Cooking,Microwave Oven 1
6416,6417,1413.8036,476.60518,-1416.6293,-476.22581,Cooking,Microwave Oven 1
6472,6492,147.0405,-8.904172,-130.7727,8.179685,Entertainment,4
6515,6538,37.4, -0.1,-40.9,1,Entertainment,2
6521,6536,16.8, 33.7,-16.8,-33.7,Lighting,2
6521,6552,68, 84.4,,-68,-84.4,Cooking,Extractor 4
7102,7106,11.7842, -0.0209496,-11.7842,0.0209496,Lighting,1
7102,7117,9.6047,0.26903,-9.6047,-0.26903,Lighting,1
7102,7131,73.04095,109.6194,-73.04095,-109.6194,Cooking,Extractor 1
7139,7157,82.4761,94.4428,-80.3217,-89.4719,Refrigeration,Refrigerator
7160,7162,10.2338, -0.0460302,-10.2338,0.0460302,Lighting,1
7160,7170,10.0092,-2.48152,-10.0092,2.48152,Lighting,1
7160,7188,82.58334,113.0057,-82.58334,-113.0057,Cooking,Extractor 1
7202,7218,92.4611,96.3169,-88.2906,-91.979,Refrigeration,Refrigerator
7216,7228,10.2591,-2.45117,-10.2591,2.45117,Lighting,1
7216,7243,80.60575,107.6972,-80.60575,-107.6972,Cooking,Extractor 1
7272,7300,100.7101,114.52,-83.89421,-108.642,Cooking,Extractor 3
7274,7279,76.0472,63.9381,-84.9298,-66.7753,Cooking,Extractor 2
7320,7336,79.1921,92.8848,-74.3644,-91.3709,Refrigeration,Refrigerator
7329,7331,13.3984,1.98711,-13.3984,-1.98711,Lighting,1
7329,7334,9.6621,1.0542,-9.6621,-1.0542,Lighting,1
7329,7357,85.47633, 110.905,-85.47633,-110.905,Cooking,Extractor 1
7379,7395,79.3752,92.9387,-73.6835,-92.101,Refrigeration,Refrigerator
7386,7388,13.6909,1.51731,-13.6909,-1.51731,Lighting,1
7386,7392,12.4696,-0.290383,-12.4696,0.290383,Lighting,1
7386,7414,83.70925,110.7021,-83.70925,-110.7021,Cooking,Extractor 1
7426,7432,83.5758,68.1874,-82.3875,-66.8944,Cooking,Extractor 2
7439,7456,80.8723,91.1383,-77.8778,-90.3373,Refrigeration,Refrigerator
7443,7445,15.0728,-1.11169,-15.0728,1.11169,Lighting,1
7443,7449,12.5342,-1.9141,-12.5342, 1.9141,Lighting,1
7443,7472,83.22804,113.9235,-83.22804,-113.9235,Cooking,Extractor 1
7500,7507,9.0989,-2.4276,-9.0989,2.4276,Lighting,1
7500,7527,80.33566,108.9009,-80.33566,-108.9009,Cooking,Extractor 1
7559,7574,78.5488,93.9452,-80.9261,-90.2489,Refrigeration,Refrigerator
7556,7558,9.4081,-1.6137,-9.4081,1.6137,Lighting,1
7556,7566,9.7176,-1.9904,-9.7176,1.9904,Lighting,1
7556,7584,81.37052,107.4203,-81.37052,-107.4203,Cooking,Extractor 1
7719,7754,Cleaning,Washing Machine
8500,8501,45.0271,33.7773,-43.7525,-33.1294,Entertainment,5
8520,8548,101.3261,116.9027,-75.58951,-121.7576,Cooking,Extractor 3
8567,8583,79.3089,95.6799,-74.4451,-90.7787,Refrigeration,Refrigerator
8575,8577,11.9081,-0.610859,-11.9081,0.610859,Lighting,1
8575,8581,10.3506,1.69471,-10.3506,-1.69471,Lighting,1
8575,8602,84.33821,104.9549,-84.33821,-104.9549,Cooking,Extractor 1
8681,8698,79.7709,93.8405,-76.5902,-91.4529,Refrigeration,Refrigerator
8687,8690,15.1503,-3.14133,-15.1503,3.14133,Lighting,1
8687,8694,9.8147,0.33525,-9.8147,-0.33525,Lighting,1
8687,8715,82.85732,115.5643,-82.85732,-115.5643,Cooking,Extractor 1
8741,8759,81.5048,93.4332,-81.3376,-91.7394,Refrigeration,Refrigerator
8743,8746,12.6895,-0.374902,-12.6895,0.374902,Lighting,1
8743,8749,13.8194,1.02184,-13.8194,-1.02184,Lighting,1
8743,8770,81.4496,115.4836,-81.4496,-115.4836,Cooking,Extractor 1
8799,8801,11.5511,-0.915626,-11.5511,0.915626,Lighting,1
8799,8826,80.82869,112.1068,-80.82869,-112.1068,Cooking,Extractor 1
8804,8820,74.3505,95.1965,-74.3505,-95.1965,Cooking,Extractor 4
8814,8820,76.8589, 73.824,-76.8589,-73.824,Cooking,Extractor 2
8863,8879,81.0743,95.5167,-73.7597,-92.6267,Refrigeration,Refrigerator
8854,8856,10.5013,-2.39406,-10.5013,2.39406,Lighting,1
8854,8862,9.9408,-0.83661,-9.9408,0.83661,Lighting,1
8854,8877,9.3358,-1.1525,-9.3358,1.1525,Lighting,1
8854,8881,79.46344,111.1959,-79.46344,-111.1959,Cooking,Extractor 1
9130,9173,Cleaning,Washing Machine
10008,10024,92.8206,96.0644,-75.6458,-89.7943,Refrigeration,Refrigerator
10066,10082,78.0341,94.7589,-77.2873,-88.7473,Refrigeration,Refrigerator
10046,10047,290.8738,82.13044,-290.8738,-82.13044,Cooking,Microwave Oven 2
10046,10052,12.6248,0.80714,-12.6248,-0.80714,Lighting,1
10046,10073,85.39149,111.5929,-85.39149,-111.5929,Cooking,Extractor 1
10211,10217,85.9998,68.2869,-94.4023,-68.7044,Cooking,Extractor 2
10216,10222,11.7344,0.44966,-11.7344,-0.44966,Lighting,1
10216,10300,79.64698,109.9063,-79.64698,-109.9063,Cooking,Extractor 1
10306,10323,93.5067,91.1105,-78.7387,-89.0025,Refrigeration,Refrigerator
10330,10332,11.3344,-0.276266,-11.3344,0.276266,Lighting,1
10330,10336,9.5557,-0.52033,-9.5557,0.52033,Lighting,1
10330,10358,84.4088,110.0195,-84.4088,-110.0195,Cooking,Extractor 1
10368,10383,79.9829,91.0128,-72.9205,-88.7315,Refrigeration,Refrigerator
10388,10390,11.2075,-3.59909,-11.2075,3.59909,Lighting,1
10388,10395,9.4004,0.71143,-9.4004,-0.71143,Lighting,1
10388,10416,85.0986,108.6659,-85.0986,-108.6659,Cooking,Extractor 1
10431,10447,79.4115,90.9591,-77.7482,-88.3479,Refrigeration,Refrigerator
10488,10503,82.1507,88.1222,-80.1435,-80.5556,Refrigeration,Refrigerator
10472,10476,1054.812,-11.88772,-1053.559,6.9834186,Cooking,8
10602,10603,1051.2651,214.22186,-1051.2651,-214.22186,Cooking,Microwave Oven 3
10602,10610,86.809,68.0163,-86.809,-68.0163,Cooking,Extractor 2
10714,10735,91.515,96.9621,-77.1078,-92.9213,Refrigeration,Refrigerator
10734,10745,81.8642,67.6781,-91.994,-65.9349,Cooking,Extractor 2
10737,10738,32.3443,8.55648,-32.3443,-8.55648,Entertainment,2
10737,10742,56.134,-77.3128,-56.134,77.3128,Cooking,Microwave Oven 3
10737,10750,12.7408,-10.408,-12.7408, 10.408,Lighting,1
10737,10765,73.39068,123.0445,-73.39068,-123.0445,Cooking,Extractor 1
10776,10792,84.2237,93.9013,-82.2947,-94.2348,Refrigeration,Refrigerator
10795,10797,10.4157,-0.388663,-10.4157,0.388663,Lighting,1
10795,10802,10.145,1.14821,-10.145,-1.14821,Lighting,1
10795,10824,88.02557,113.4426,-88.02557,-113.4426,Cooking,Extractor 1
11412,11433,96.1992, 95.445,-78.7494,-93.6277,Refrigeration,Refrigerator
11480,11501,94.7698, 95.188,-73.3616,-91.2598,Refrigeration,Refrigerator
11470,11481,12.6681,-0.451008,-12.6681,0.451008,Lighting,1
11470,11496,81.36744,112.9586,-81.36744,-112.9586,Cooking,Extractor 1
11549,11566,84.1001,97.7014,-82.3324,-83.4877,Refrigeration,Refrigerator
11523,11528,10.1442,0.753906,-10.1442,-0.753906,Lighting,1
11523,11553,82.41774,117.0785,-82.41774,-117.0785,Cooking,Extractor 1
11529,11534,83.9347,70.4805,-88.8292,-65.6593,Cooking,Extractor 2
11641,11643,9.5777,-2.4555,-9.5777,2.4555,Lighting,1
11641,11649,10.0895,-3.93562,-10.0895,3.93562,Lighting,1
11641,11669,82.66766,112.1691,-82.66766,-112.1691,Cooking,Extractor 1
11681,11699,80.9151,96.0009,-84.5361,-95.0261,Refrigeration,Refrigerator
11697,11703,10.0824,-2.08045,-10.0824,2.08045,Lighting,1
11697,11725,84.55959,112.3021,-84.55959,-112.3021,Cooking,Extractor 1
11732,11738,86.9681,70.1408,-86.3617,-67.2471,Cooking,Extractor 2
11747,11766,80.4885,93.1446,-77.989,-91.1874,Refrigeration,Refrigerator
11753,11756,11.1258, 1.2358,-11.1258,-1.2358,Lighting,1
11753,11759,10.2045,1.25782,-10.2045,-1.25782,Lighting,1
11753,11781,79.18425,113.1688,-79.18425,-113.1688,Cooking,Extractor 1
11817,11836,100.3333,94.70011,-74.99462,-90.21687,Refrigeration,Refrigerator
12044,12145,78.9704,96.5453,-74.6315,-92.6357,Refrigeration,Refrigerator
11893,11915,73.3913,63.8506,-63.6971,-89.3631,Refrigeration,Refrigerator
11909,11913,91.5039,62.8165,-82.7646,-66.6785,Refrigeration,Refrigerator
11925,11952,104.8001,110.3935,-79.08602,-111.6384,Refrigeration,Refrigerator
11954,11995,73.8455,80.1984,-73.8455,-80.1984,Refrigeration,Refrigerator
12094,12107,112.5797,113.8644,-89.23454,-67.22606,Refrigeration,Refrigerator
12117,12237,74.9866,92.3009,-65.1074,-94.1559,Refrigeration,Refrigerator
12148,12150,86.9308,68.0414,-85.2173,-65.0802,Refrigeration,Refrigerator
12152,12179,100.0342,111.8098,-86.87694,-111.953,Refrigeration,Refrigerator
12162,12166,88.70011,65.22577,-129.1067,-69.73351,Refrigeration,Refrigerator
12216,12220,83.5897,67.1633,-83.7626,-65.4655,Refrigeration,Refrigerator
11897,11900,1183.7409,-16.701537,-1178.5922,19.992816,Cooking,4
11901,11907,1173.5549,-17.119234,-1156.7406,14.827702,Cooking,4
11954,12051,60.493,-3.70478,-60.493,3.70478,Entertainment,1
12119,12160,75.9304,-2.57585,-75.9304,2.57585,Entertainment,1
12084,12085,63.2277, 1.6438,-61.6477,0.458614,Entertainment,1
12088,12115,62.7496,3.23075,-57.501,3.45617,Entertainment,1
11867,11896,106.3382,113.4716,-132.6598,-181.0858,Cooking,Extractor 3
12119,12122,127.8162,184.7794,-127.8162,-184.7794,Cooking,Microwave Oven 4
12133,12135,1474.027,600.79285,-1483.0883,-601.73296,Cooking,Microwave Oven 1
12254,12274,82.9822,92.3693,-82.3127,-92.9857,Refrigeration,Refrigerator
12265,12267,12.8732,-0.796995,-12.8732,0.796995,Lighting,1
12265,12294,87.97106,112.2403,-87.97106,-112.2403,Cooking,Extractor 1
12874,12894,91.3908,92.0903,-84.9598,-98.2785,Refrigeration,Refrigerator
12892,12908,9.7649,-2.3507,-9.7649,2.3507,Lighting,1
12892,12920,80.86375,112.2721,-80.86375,-112.2721,Cooking,Extractor 1
12949,12956,9.7325,-1.9882,-9.7325,1.9882,Lighting,1
12949,12977,82.60375,111.7299,-82.60375,-111.7299,Cooking,Extractor 1
13004,13023,79.8,92.4103,-72.9268,-92.0342,Refrigeration,Refrigerator
13006,13008,13.6114,-0.801358,-13.6114,0.801358,Lighting,1
13006,13011,11.6763,-0.131911,-11.6763,0.131911,Lighting,1
13006,13035,81.17216,111.0805,-81.17216,-111.0805,Cooking,Extractor 1
13063,13066,11.2586,-0.437338,-11.2586,0.437338,Lighting,1
13063,13091,80.03776,111.4244,-80.03776,-111.4244,Cooking,Extractor 1
13131,13152,90.0756,92.8954,-73.4458,-91.3703,Refrigeration,Refrigerator
13200,13218,99.9503,92.8297,-81.8781,-90.5998,Refrigeration,Refrigerator
13264,13282,80.8225,93.0885,-79.8449,-89.661,Refrigeration,Refrigerator
13224,13229,41.6933, 33.568,-41.6933,-33.568,Entertainment,5
13224,13231,43.3132,33.4338,-43.3132,-33.4338,Entertainment,5
13234,13237,11.4961,0.359406,-11.4961,-0.359406,Lighting,1
13234,13251,10.0619,-0.883116,-10.0619,0.883116,Lighting,1
13234,13262,80.54543,112.7298,-80.54543,-112.7298,Cooking,Extractor 1
13291,13293,10.3959,-4.1029,-10.3959, 4.1029,Lighting,1
13291,13298,9.5456,1.2531,-9.5456,-1.2531,Lighting,1
13291,13320,83.1958,109.8028,-83.1958,-109.8028,Cooking,Extractor 1
13326,13343,83.8572,92.8876,-72.3921,-86.9989,Refrigeration,Refrigerator
13349,13351,10.8167,3.88178,-10.8167,-3.88178,Lighting,1
13349,13354,61.3188,65.8946,-61.3188,-65.8946,Cooking,Microwave Oven 5
13349,13377,74.45407,101.0818,-74.45407,-101.0818,Cooking,Extractor 4
13349,13400,83.07799,-210.2361,-83.07799,210.2361,Cooking,Microwave Oven 5
13356,13364,1147.9378,55.089727,-16.808912,-25.887787,Cooking,4
13407,13491,103.6721,100.7068,-103.6721,-100.7068,Cooking,Extractor 3
13521,13549,106.9412,113.2549,-106.9412,-113.2549,Cooking,Extractor 3
13414,13437,76.0759,67.2688,-82.6958,-73.6566,Cooking,Extractor 2
13455,13491,76.1032,67.6832,-76.1032,-67.6832,Cooking,Extractor 2
13547,13549,76.3379,65.81,-76.3379, -65.81,Cooking,Extractor 2
13552,13555,82.9248,64.1149,-84.4443,-66.3497,Cooking,Extractor 2
13439,13441,58.072,-5.84906,-54.877,-1.81032,Entertainment,1
13513,13517,51.8929, -2.084,-61.6648,4.26349,Entertainment,1
13519,13520,55.3337,-2.51583,-57.169,1.01099,Entertainment,1
13444,13468,217.7415,74.14092,-217.8498,-79.75889,Cooking,Extractor 5
13578,13580,12.8085,-4.11949,-12.8085,4.11949,Lighting,1
13578,13607,77.95657,103.3008,-77.95657,-103.3008,Cooking,Extractor 1
13635,13650,2203.6833,101.70933,-2104.2151,6.5551583,Cleaning,Vaccum Cleaner 1
13655,13656,2128.7928,605.05233,-2128.375,-603.67516,Cooking,Microwave Oven 6
14354,14437,86.2653,92.7649,-74.6528,-93.4975,Refrigeration,Refrigerator
14526,14532,89.0526,66.4584,-87.366,-70.6215,Cooking,Extractor 2
14544,14562,94.1565,95.2639,-73.544,-92.2103,Refrigeration,Refrigerator
14563,14565,5.7741,0.92517,-5.7741,-0.92517,Lighting,1
14563,14567,12.9182,-1.10398,-12.9182,1.10398,Lighting,1
14563,14598,79.02104,113.8716,-79.02104,-113.8716,Cooking,Extractor 1
14605,14621,85.306,94.5162,-72.7531,-93.8129,Refrigeration,Refrigerator
14622,14624,4.9655,-0.68341,-4.9655,0.68341,Lighting,1
14622,14643,13.1527,3.55597,-13.1527,-3.55597,Lighting,1
14622,14654,79.82008,115.7647,-79.82008,-115.7647,Cooking,Extractor 1
14663,14681,80.7189,94.5196,-77.4445,-96.3223,Refrigeration,Refrigerator
14680,14685,11.6139,-0.509276,-11.6139,0.509276,Lighting,1
14680,14712,86.89719,113.7345,-86.89719,-113.7345,Cooking,Extractor 1
14740,14774,Cleaning,Washing Machine
15024,15025,23.4574,2.19982,-23.4574,-2.19982,Entertainment,2
15024,15061,80.55426,113.5662,-80.55426,-113.5662,Cooking,Extractor 1
15040,15044,674.49459,1884.2985,-1002.2452,-1191.9899,Cooking,Microwave Oven 7
15087,15126,Cleaning,Washing Machine
15770,15774,520.3439,213.6949,-507.2925,-190.9036,Cooking,Microwave Oven 8
15813,15829,91.427,97.0347,-86.5488,-95.9426,Refrigeration,Refrigerator
15826,15853,99.23453,118.6202,-80.42572,-112.6089,Cooking,Extractor 3
15891,15908,84.20102, 114.497,-82.79585,-115.2479,Cooking,Extractor 1
15935,15964,101.8822,118.0337,-82.55066,-117.541,Cooking,Extractor 3
15979,15994,80.8074,95.1134,-91.3342,-93.866,Refrigeration,Refrigerator
15990,16018,101.2834, 120.918,-78.60416,-113.6309,Cooking,Extractor 3
16045,16048,96.9552,0.542597,-96.3109,0.217499,Entertainment,6
16051,16070,88.5682,1.94799,-86.723,-2.96754,Entertainment,6
16094,16110,95.148,95.8133,-82.3362,-92.6008,Refrigeration,Refrigerator
16104,16107,10.1543,0.0138953,-10.1543, -0.0138953,Lighting,1
16104,16132,84.03461, 110.754,-84.03461,-110.754,Cooking,Extractor 1
16150,16166,87.9955,93.3677,-81.8862,-89.7853,Refrigeration,Refrigerator
16143,16148,84.3023,69.9347,-83.5269,-67.3085,Cooking,Extractor 2
16161,16188,101.0479,112.6232,-83.76394,-110.7365,Cooking,Extractor 3
16626,16708,Cleaning,Washing Machine
17184,17201,78.9137,92.0222,-83.1075,-89.4191,Refrigeration,Refrigerator
17199,17205,10.664,-1.21333,-10.664,1.21333,Lighting,1
17199,17230,83.76228,115.0896,-83.76228,-115.0896,Cooking,Extractor 1
51717,51718,156.5114,1.769805,-156.5114,-1.769805,Entertainment,4
51717,51745,10.5117,0.975727,-10.5117,-0.975727,Lighting,1
51721,51740,6.86311,0.454219,-10.861,2.50436,Lighting,1
51738,51765,108.0798,114.8806,-84.76004,-112.1273,Cooking,Extractor 3
51778,51796,81.6998,92.8848,-82.8703,-93.5175,Refrigeration,Refrigerator
51790,51792,78.6856,66.9213,-85.2911,-65.4909,Cooking,Extractor 2
51793,51820,105.4121,115.4015,-84.83794,-112.3878,Cooking,Extractor 3
51836,51852,83.2381, 94.557,-87.2956,-91.1327,Refrigeration,Refrigerator
51849,51875,99.01049, 114.063,-82.76503,-109.7362,Cooking,Extractor 3
51895,51912,79.7054,92.6544,-81.4338,-90.1465,Refrigeration,Refrigerator
51903,51908,11.8007,0.566939,-11.8007,-0.566939,Lighting,1
51903,51931,85.27829,113.2514,-85.27829,-113.2514,Cooking,Extractor 1
51954,51973,86.2096,94.1072,-79.3044,-90.1491,Refrigeration,Refrigerator
51960,51962,17.3073,0.231362,-17.3073,-0.231362,Lighting,1
51960,51987,83.47897,109.6277,-83.47897,-109.6277,Cooking,Extractor 1
52020,52037,80.1628,92.4759,-73.4263,-91.6615,Refrigeration,Refrigerator
52016,52028,11.8843,0.145439,-11.8843,-0.145439,Lighting,1
52016,52042,79.28079,111.8111,-79.28079,-111.8111,Cooking,Extractor 1
52085,52103,80.1327,92.6224,-73.9077,-88.7384,Refrigeration,Refrigerator
52071,52073,10.0778,1.97768,-10.0778,-1.97768,Lighting,1
52071,52078,10.4838,1.10186,-10.4838,-1.10186,Lighting,1
52071,52097,86.84528,111.4319,-86.84528,-111.4319,Cooking,Extractor 1
52150,52166,77.3011,92.9575,-73.5915,-90.0279,Refrigeration,Refrigerator
52127,52129,9.5341,-0.1259,-9.5341,0.1259,Lighting,1
52127,52134,10.0195, -0.0707717,-10.0195,0.0707717,Lighting,1
52127,52153,78.36089,109.0309,-78.36089,-109.0309,Cooking,Extractor 1
52127,52162,9.7862,1.4103,-9.7862,-1.4103,Lighting,1
52204,52288,82.5248,94.9622,-72.9898,-94.1472,Refrigeration,Refrigerator
52172,52279,83.3458,66.0284,-87.2722,-66.248,Cooking,Extractor 2
52316,52326,79.2112,63.8371,-56.6306,-46.5147,Cooking,Extractor 2
52187,52188,1054.8464,381.64571,-1064.019,-375.74305,Cooking,Microwave Oven 9
52191,52197,1202.1978,-18.77507,-1182.5299,11.479827,Cooking,4
52219,52221,48.9307,0.851222,-59.2031,0.930786,Entertainment,1
52239,52321,105.9924,108.0934,-105.9924,-108.0934,Cooking,Extractor 3
52264,52309,59.316,1.49343,-77.0102,-0.499872,Entertainment,1
52281,52282,1390.027,564.76956,-1488.3877,-560.33099,Cooking,Microwave Oven 1
52302,52321,220.8604,53.78074,-220.8604,-53.78074,Cooking,Extractor 5
52331,52347,83.9046,93.5557,-80.8375,-94.9846,Refrigeration,Refrigerator
52349,52351,9.8794,-4.4695,-9.8794,4.4695,Lighting,1
52349,52356,10.2733,-0.880997,-10.2733,0.880997,Lighting,1
52349,52376,87.40487,121.7143,-87.40487,-121.7143,Cooking,Extractor 1
52391,52407,90.4461,94.5075,-83.447,-93.2891,Refrigeration,Refrigerator
52405,52412,10.0774,-3.57076,-10.0774,3.57076,Lighting,1
52405,52433,90.13712,111.3849,-90.13712,-111.3849,Cooking,Extractor 1
52452,52469,83.2634,92.9578,-73.2068,-94.0639,Refrigeration,Refrigerator
52461,52463,12.4249,-0.668691,-12.4249,0.668691,Lighting,1
52461,52467,10.5719,-2.48147,-10.5719,2.48147,Lighting,1
52461,52487,88.04889,114.0124,-88.04889,-114.0124,Cooking,Extractor 1
52616,52657,Cleaning,Washing Machine
52679,52711,Cleaning,Washing Machine
53540,53555,82.5842,84.9788,-84.1595,-91.3956,Refrigeration,Refrigerator
53596,53613,79.6255,82.6231,-82.2955,-91.4092,Refrigeration,Refrigerator
53655,53671,82.0639,84.4113,-82.0003,-91.7756,Refrigeration,Refrigerator
53661,53663,14.072,2.00556,-14.072,-2.00556,Lighting,1
53713,53760,4.7229,6.1895,-4.7229,-6.1895,Lighting,1
53661,53667,9.5022,-1.0917,-9.5022,1.0917,Lighting,1
53661,53741,80.67127,109.1307,-80.67127,-109.1307,Cooking,Extractor 1
53713,53715,39.8597,-12.4587,-39.8597,12.4587,Entertainment,2
53713,53736,86.2259,67.3226,-86.2259,-67.3226,Cooking,Extractor 2
53716,53723,1201.9028,8.3843403,-1200.9158, 33.52972,Cooking,4
53722,53723,1200.9158,-33.52972,-1200.9158, 33.52972,Cooking,4
53722,53731,70.6836,87.98,-70.6836, -87.98,Cooking,Extractor 4
53991,54013,10.2867,-1.43824,-10.2867,1.43824,Lighting,1
53991,54020,78.1746,115.6262,-78.1746,-115.6262,Cooking,Extractor 1
54039,54042,87.031,69.2739,-85.1796,-68.5359,Cooking,Extractor 2
54065,54067,85.0626,72.4215,-88.5753,-68.4438,Cooking,Extractor 2
54380,54576,82.6483,65.0129,-85.1956,-64.5111,Cooking,Extractor 2
54049,54052,1196.7162,-51.588664,-1221.1123,13.542646,Cooking,4
54122,54143,140.5496,-15.51807,-136.0112,12.53913,Entertainment,4
54181,54197,141.7447,-10.0926,-138.2102,11.28783,Entertainment,4
54337,54618,106.2388,141.9128,-105.8926,-134.1352,Cooking,Extractor 6
54715,54733,80.0576,93.3783,-81.6081,-90.9391,Refrigeration,Refrigerator
54697,54699,10.5638,0.898809,-10.5638,-0.898809,Lighting,1
54697,54705,10.6898,-0.834399,-10.6898,0.834399,Lighting,1
54697,54721,82.84406,112.7002,-82.84406,-112.7002,Cooking,Extractor 1
54749,54751,10.372,-1.8766,-10.372, 1.8766,Lighting,1
54749,54756,10.3539,0.563837,-10.3539,-0.563837,Lighting,1
54749,54773,86.03793,111.7606,-86.03793,-111.7606,Cooking,Extractor 1
54801,54802,10.4179,-2.22695,-10.4179,2.22695,Lighting,1
54801,54807,10.1671,1.69061,-10.1671,-1.69061,Lighting,1
54801,54824,85.89393,111.3847,-85.89393,-111.3847,Cooking,Extractor 1
54902,54920,86.3,94.05,-74.1,-90.1,Refrigeration,Refrigerator
54966,54983,78.6321,90.7377,-73.0451,-91.5997,Refrigeration,Refrigerator
54956,54958,10.5833,-1.88,-10.5833, 1.88,Lighting,1
54956,54963,10.5061,1.86133,-10.5061,-1.86133,Lighting,1
54956,54980,90.44625,110.2633,-90.44625,-110.2633,Cooking,Extractor 1
55060,55063,9.8812,2.5956,-9.8812,-2.5956,Lighting,1
55060,55068,9.5384,-0.16388,-9.5384,0.16388,Lighting,1
55060,55084,84.7455,110.4171,-84.7455,-110.4171,Cooking,Extractor 1
55100,55112,80.2023,66.9489,-97.8141,-84.484,Cooking,Extractor 2
55123,55127,82.3998,69.1781,-82.1464,-68.0388,Cooking,Extractor 2
55559,55779,Cleaning,Washing Machine
56065,56068,10.4051,-2.04806,-10.4051,2.04806,Lighting,1
56065,56085,9.9577,-1.2403,-9.9577,1.2403,Lighting,1
56065,56090,81.12012,111.0083,-81.12012,-111.0083,Cooking,Extractor 1
56096,56117,80.9412,94.0074,-78.7318,-91.8649,Refrigeration,Refrigerator
56118,56124,9.563,1.3587,-9.563,-1.3587,Lighting,1
56118,56146,89.93134, 112.684,-89.93134,-112.684,Cooking,Extractor 1
56167,56186,81.1893,93.9445,-84.5419,-95.1471,Refrigeration,Refrigerator
56227,56231,10.432,2.41336,-10.432,-2.41336,Lighting,1
56227,56254,81.6553,113.0543,-81.6553,-113.0543,Cooking,Extractor 1
56333,56362,103.7121,109.5679,-80.06754,-108.8579,Cooking,Extractor 3
56342,56343,81.2987,1.21488,-80.3026,2.24063,Entertainment,6
56375,56394,78.9583,89.7238,-84.1282,-92.4888,Refrigeration,Refrigerator
56390,56416,100.3642, 116.974,-82.1917,-108.4977,Cooking,Extractor 3
56500,56545,106.6893, 105.617,-106.6893,-105.617,Cooking,Extractor 3
56537,56545,1190.9733,-17.768416,-1190.9733,17.768416,Cooking,4
56816,56835,90.3277,93.2016,-83.0772,-91.0398,Refrigeration,Refrigerator
56828,56831,13.5467,7.81335,-13.5467,-7.81335,Lighting,1
56828,56855,90.2633,112.5689,-90.2633,-112.5689,Cooking,Extractor 1
56936,56953,83.8691,93.7504,-86.4837,-91.4526,Refrigeration,Refrigerator
57061,57076,85.9108,93.9402, -86.32,-87.3534,Refrigeration,Refrigerator
56910,56917,945.20654,1192.0276,-895.5359,-1109.9559,Cleaning,Vaccum Cleaner 2
56976,56979,926.98695, 1105.261,-933.12032,-1104.6715,Cleaning,Vaccum Cleaner 2
56862,56867,62.5489,0.113673,-60.3741,-0.25894,Entertainment,1
56875,56885,1057.051, 1.359022,-1051.5717,16.755286,Cooking,8
57104,57113,1438.3343,508.95753,-1365.8672,-388.47685,Cooking,Microwave Oven 1
57172,57176,34.8289,53.2644,-82.1885,-76.2493,Cooking,Microwave Oven 10
57251,57366,104.8891,81.46741,-104.299,-82.36992,Refrigeration,Refrigerator
57457,57472,81.0541,91.5534,-79.1857,-88.2384,Refrigeration,Refrigerator
57474,57476,9.5062,-1.8332,-9.5062,1.8332,Lighting,1
57474,57481,9.4129,0.25791,-9.4129,-0.25791,Lighting,1
57474,57500,84.74949,110.8534,-84.74949,-110.8534,Cooking,Extractor 1
57572,57589,90.8953,92.8887,-84.7878,-92.3109,Refrigeration,Refrigerator
57585,57594,9.8727,-0.0189,-9.8727,0.0189,Lighting,1
57620,57623,15.0479,-1.07018,-13.8017,0.389642,Lighting,1
57626,57652,9.7112,-3.494,-9.7112, 3.494,Lighting,1
57585,57613,77.72357,106.3785,-77.72357,-106.3785,Cooking,Extractor 1
57626,57669,83.84959,109.7144,-83.84959,-109.7144,Cooking,Extractor 1
57615,57617,84.2366,65.9233,-83.6975,-65.4402,Cooking,Extractor 2
57626,57630,81.3275, 68.107,-81.3275,-68.107,Cooking,Extractor 2
57585,57634,12.6256, -0.0855651,-12.6256,0.0855651,Lighting,1
57643,57644,5.8002,0.38292,-5.8002,-0.38292,Lighting,1
57643,57646,11.158,1.13029,-11.158,-1.13029,Lighting,1
57687,57704,87.6073,91.9998,-80.4745,-88.5142,Refrigeration,Refrigerator
57699,57701,10.3674,0.540758,-10.3674,-0.540758,Lighting,1
57699,57720,10.0221,-1.15886,-10.0221,1.15886,Lighting,1
57699,57726,80.30157,110.7919,-80.30157,-110.7919,Cooking,Extractor 1
57748,57765,81.9914,91.1651,-75.3535,-88.6024,Refrigeration,Refrigerator
57805,57810,84.6304,66.1061,-83.3142,-65.8202,Cooking,Extractor 2
57812,57817,12.5995,-0.842493,-12.5995,0.842493,Lighting,1
57812,57821,9.9812,-0.81336,-9.9812,0.81336,Lighting,1
57812,57839,80.9902, 112.851,-80.9902,-112.851,Cooking,Extractor 1
57873,57890,86.8915,95.3954,-75.4956,-93.6141,Refrigeration,Refrigerator
57961,57966,85.8317,68.0338,-84.0007,-66.9038,Cooking,Extractor 2
57985,57988,1421.147,-49.255143,-1422.9644,43.398634,Cooking,19
58036,58119,99.32805,113.9834,-85.10442,-109.8647,Cooking,Extractor 3
58093,58129,109.0305,113.8854,-109.0305,-113.8854,Cooking,Extractor 3
58112,58129,142.7409,91.96009,-142.7409,-91.96009,Cooking,Extractor 7
58142,58144,84.658,64.4649,-83.2116,-63.928,Cooking,Extractor 2
58145,58152,145.5935,-18.47568,-147.9126,7.853539,Entertainment,4
58166,58176,74.34627,91.84674,-84.9055,-107.629,Cooking,Extractor 4
58207,58290,Cleaning,Washing Machine
58329,58334,83.3614,65.5046,-85.574,-64.8058,Cooking,Extractor 2
58352,58365,149.8735,68.22548,-148.4533,-66.15401,Cooking,Extractor 8
58367,58368,288.0563, 114.416,-204.1105,-19.88357,Cooking,Microwave Oven 11
58375,58415,107.9692,117.9089,-88.38813,-116.9324,Cooking,Extractor 3
58381,58385,1212.5235,-16.13264,-1218.2925,17.346898,Cooking,4
58386,58389,1290.5557,675.91453,-1364.8784,-767.51457,Cooking,Microwave Oven 12
58442,58519,Cleaning,Washing Machine
58950,58966,80.191,91.3313,-77.6745,-90.6544,Refrigeration,Refrigerator
58932,58935,10.3891,-0.368394,-10.3891,0.368394,Lighting,1
58932,58943,10.7973,0.566435,-10.7973,-0.566435,Lighting,1
58932,58958,84.4349,109.7647,-84.4349,-109.7647,Cooking,Extractor 1
59008,59023,77.5996,93.0992,-80.8576,-89.959,Refrigeration,Refrigerator
58987,58991,11.819,-2.44591,-11.819,2.44591,Lighting,1
58987,59002,9.1568,-0.42543,-9.1568,0.42543,Lighting,1
58987,59014,80.29815,107.6313,-80.29815,-107.6313,Cooking,Extractor 1
59030,59033,83.8515,66.1585,-82.6061,-64.9067,Cooking,Extractor 2
59064,59080,88.7254,90.4801,-80.6784,-89.9354,Refrigeration,Refrigerator
59121,59138,86.3873,95.5433,-82.1633,-89.8491,Refrigeration,Refrigerator
59100,59104,11.7847,0.572885,-11.7847,-0.572885,Lighting,1
59100,59113,9.8642,2.8465,-9.8642,-2.8465,Lighting,1
59100,59126,84.91612,109.8385,-84.91612,-109.8385,Cooking,Extractor 1
59268,59270,10.9502,-3.69821,-10.9502,3.69821,Lighting,1
59268,59276,10.9446,-2.39365,-10.9446,2.39365,Lighting,1
59268,59294,85.33265,111.8121,-85.33265,-111.8121,Cooking,Extractor 1
59302,59318,78.1749,92.5396,-78.7543,-90.9196,Refrigeration,Refrigerator
59304,59309,91.169, 68.428,-88.7615,-66.0488,Cooking,Extractor 2
59324,59327,11.8473,0.594699,-11.8473,-0.594699,Lighting,1
59324,59335,9.4944,-0.64069,-9.4944,0.64069,Lighting,1
59324,59350,83.52453, 112.275,-83.52453,-112.275,Cooking,Extractor 1
59363,59405,71.6516,93.81106,-77.26927,-110.3084,Cooking,Extractor 4
59379,59381,10.1211,2.70568,-10.1211,-2.70568,Lighting,1
59379,59386,10.8423,-1.04354,-10.8423,1.04354,Lighting,1
59416,59421,1031.8359,-21.318815,-1045.1601,21.413325,Cooking,8
59426,59427,90.1214,70.1173,-83.1082,-65.7057,Cooking,Extractor 2
59431,59433,1134.2324,70.633186,-1150.1464,-66.460833,Cooking,4
59480,59495,83.4417, 94.182,-85.2045,-91.9123,Refrigeration,Refrigerator
59696,59712,85.6863,92.9591,-85.7383,-89.7173,Refrigeration,Refrigerator
59607,59750,62.6838,67.0376,-59.6859,-65.303,Cooking,Extractor 2
59685,59687,77.1468, 67.432,-83.6311,-64.0838,Cooking,Extractor 2
59689,59727,85.8602,65.4184,-96.1182,-63.2708,Cooking,Extractor 2
59761,59764,80.9239,67.2038,-87.6284,-66.7893,Cooking,Extractor 2
59489,59503,141.3706,-10.58272,-139.4263,11.14761,Entertainment,4
59592,59594,56.3718,1.28206,-59.262,0.147241,Entertainment,1
59816,59835,87.1489,90.6691,-76.4482,-86.8668,Refrigeration,Refrigerator
59881,59897,78.9582,92.1609,-90.0926,-92.0207,Refrigeration,Refrigerator
59782,59797,138.9027,-8.664764,-132.1873, 12.7048,Entertainment,4
59921,59922,1450.487,19.256058,-1445.0718,-14.95161,Cooking,19
59934,60039,Cleaning,Washing Machine
60430,60448,83.3294,90.1815,-78.6645,-90.8243,Refrigeration,Refrigerator
60411,60415,10.5015,0.451918,-10.5015,-0.451918,Lighting,1
60411,60427,9.3263,-3.9133,-9.3263,3.9133,Lighting,1
60411,60438,83.5718,109.4348,-83.5718,-109.4348,Cooking,Extractor 1
60489,60507,80.5406,91.6274,-82.296,-90.1925,Refrigeration,Refrigerator
60467,60470,11.3867,-0.841594,-11.3867,0.841594,Lighting,1
60467,60487,13.4863,-1.56522,-13.4863,1.56522,Lighting,1
60467,60495,78.48469,110.8233,-78.48469,-110.8233,Cooking,Extractor 1
60637,60644,13.7133,1.11698,-13.7133,-1.11698,Lighting,1
60637,60665,86.04924,115.3857,-86.04924,-115.3857,Cooking,Extractor 1
60677,60696,79.2353, 94.807,-78.4198,-92.2005,Refrigeration,Refrigerator
60695,60701,10.0512,-1.42544,-10.0512,1.42544,Lighting,1
60695,60721,79.69025,110.2701,-79.69025,-110.2701,Cooking,Extractor 1
60712,60717,81.086,69.7208,-85.7626,-68.0652,Cooking,Extractor 2
60744,60760,79.7463,93.3178,-76.7021,-91.6115,Refrigeration,Refrigerator
60751,60753,11.6368,-0.599411,-11.6368,0.599411,Lighting,1
60751,60757,12.4336,-2.21282,-12.4336,2.21282,Lighting,1
60751,60779,83.27105,109.9073,-83.27105,-109.9073,Cooking,Extractor 1
60807,60823,78.6758,92.6726,-80.4912,-91.5146,Refrigeration,Refrigerator
60809,60812,12.4741,2.06054,-12.4741,-2.06054,Lighting,1
60809,60816,11.9936,-1.73948,-11.9936,1.73948,Lighting,1
60809,60836,81.40034,110.3271,-81.40034,-110.3271,Cooking,Extractor 1
60859,60860,801.9373,0.9775872,-806.0423,14.98829,Cooking,24
60865,60880,159.778,154.5068,-161.1785,-155.4588,Cooking,Extractor 9
60913,60975,54.0385, 66.539,-54.0385,-66.539,Cooking,Microwave Oven 5
60913,61013,46.8335,12.3547,-46.8335,-12.3547,Entertainment,1
60923,60942,58.5782,-0.710176,-58.5782,0.710176,Entertainment,1
60923,60951,90.76939,111.4732,-90.76939,-111.4732,Cooking,Extractor 1
60923,60984,11.2581, 3.4546,-11.2581,-3.4546,Lighting,1
60923,60993,22.786,91.0224,-22.786,-91.0224,Cooking,Extractor 10
60944,60967,136.0892,-11.20753,-136.0892,11.20753,Entertainment,4
60944,60987,10.6415,-0.866889,-10.6415,0.866889,Lighting,1
61035,61049,78.3444,91.8309,-78.1512,-88.1708,Refrigeration,Refrigerator
61132,61151,83.2763,92.9943,-82.6647,-92.6178,Refrigeration,Refrigerator
61038,61040,12.2766,-0.917502,-12.2766,0.917502,Lighting,1
61108,61161,9.525,-3.5148,-9.525,3.5148,Lighting,1
61210,61212,10.9568,-1.85652,-10.9568,1.85652,Lighting,1
61210,61217,10.1384,-1.04245,-10.1384,1.04245,Lighting,1
61038,61065,83.93257, 109.158,-83.93257,-109.158,Cooking,Extractor 1
61095,61109,104.0386,113.3935,-104.0386,-113.3935,Cooking,Extractor 1
61210,61237,90.1128,112.9878,-90.1128,-112.9878,Cooking,Extractor 1
61038,61043,15.1588,9.27795,-15.1588,-9.27795,Lighting,1
61078,61090,1181.0341,-12.838823,-1191.9333,13.576296,Cooking,4
61108,61109,1458.8567,560.02763,-1458.8567,-560.02763,Cooking,Microwave Oven 1
61108,61109,1453.2333,560.94624,-1453.2333,-560.94624,Cooking,Microwave Oven 1
61173,61174,58.4266,-11.9981,-58.2596,2.28609,Entertainment,1
61178,61179,59.2201,0.199668,-57.5205,0.966911,Entertainment,1
61184,61185,73.3656,15.2316,-71.3331,-12.2363,Entertainment,7
61249,61301,Cleaning,Washing Machine
61889,61908,84.2078, 96.943,-84.8266,-94.6084,Refrigeration,Refrigerator
61901,61903,11.5844,-1.34094,-11.5844,1.34094,Lighting,1
61901,61928,84.84705,113.7367,-84.84705,-113.7367,Cooking,Extractor 1
61957,61963,11.085,-3.15425,-11.085,3.15425,Lighting,1
61957,61985,81.11609,116.1887,-81.11609,-116.1887,Cooking,Extractor 1
62092,62096,77.66787,96.83657,-77.02047,-115.5237,Cooking,Extractor 4
62102,62108,80.2203,70.0165,-88.1177,-69.018,Cooking,Extractor 2
62125,62128,14.7741,0.698514,-14.7741,-0.698514,Lighting,1
62125,62142,9.7993,0.015291,-9.7993, -0.015291,Lighting,1
62125,62153,81.76635,114.0852,-81.76635,-114.0852,Cooking,Extractor 1
62159,62177,78.6443,95.5345,-78.1856,-91.9561,Refrigeration,Refrigerator
62182,62184,6.0895,-0.22535,-6.0895,0.22535,Lighting,1
62182,62196,9.7852,0.58909,-9.7852,-0.58909,Lighting,1
62182,62209,82.07603,112.3329,-82.07603,-112.3329,Cooking,Extractor 1
62225,62244,90.7081,91.0977,-79.8883,-90.2733,Refrigeration,Refrigerator
62239,62241,11.4159,0.792288,-11.4159,-0.792288,Lighting,1
62239,62258,9.8673,-3.7549,-9.8673,3.7549,Lighting,1
62239,62266,78.03289,105.6512,-78.03289,-105.6512,Cooking,Extractor 1
62259,62263,76.8497,67.4677,-76.1051,-69.4358,Cooking,Extractor 2
62297,62305,110.8773,109.6044,-110.8773,-109.6044,Cooking,Extractor 3
62304,62305,905.3737,-82.75772,-905.3737,82.75772,Cooking,27
62306,62313,1193.8627,-12.097069,-38.612292,-43.386603,Cooking,4
62339,62347,85.7547,68.6631,-83.9057,-73.8749,Cooking,Extractor 2
62354,62621,Cleaning,Washing Machine
62633,62639,10.6089,0.622583,-10.6089,-0.622583,Lighting,1
62633,62645,10.4095,1.04566,-10.4095,-1.04566,Lighting,1
62633,62660,83.04844,112.7769,-83.04844,-112.7769,Cooking,Extractor 1
62754,62770,79.993,93.9662,-73.8919,-90.4986,Refrigeration,Refrigerator
62745,62748,9.7945,2.0266,-9.7945,-2.0266,Lighting,1
62745,62752,10.159,-0.739306,-10.159,0.739306,Lighting,1
62745,62767,9.199,3.2716,-9.199,-3.2716,Lighting,1
62745,62772,82.92769,112.3574,-82.92769,-112.3574,Cooking,Extractor 1
62913,62992,81.9229,92.3659,-91.0754,-85.5861,Refrigeration,Refrigerator
62789,62791,90.0739,69.8104,-87.9298,-68.0948,Refrigeration,Refrigerator
62792,62798,118.5254,83.72042,-118.5254,-83.72042,Refrigeration,Refrigerator
62813,62827,109.369,61.77245,-109.369,-61.77245,Refrigeration,Refrigerator
62853,62906,108.0311,108.7651,-108.0311,-108.7651,Refrigeration,Refrigerator
62965,63061,107.8947,114.4299,-116.6677,-67.5412,Refrigeration,Refrigerator
62983,63159,81.07656,116.7528,-83.39327,-111.2415,Refrigeration,Refrigerator
63043,63113,76.4901,94.7802,-68.6079,-90.9426,Refrigeration,Refrigerator
63132,63231,95.98182,110.3356,-95.98182,-110.3356,Refrigeration,Refrigerator
63187,63231,109.1968,118.4909,-109.1968,-118.4909,Refrigeration,Refrigerator
62805,62806,1054.1548,-9.8496553,-1199.3497,22.069261,Cooking,4
62856,62857,1221.0303,-11.916855,-1142.8616,104.31758,Cooking,4
62864,62866,1211.3776,-29.589741,-1211.3776,29.589741,Cooking,4
62875,62876,1204.4995,-27.136243,-1278.554,-59.733081,Cooking,4
62828,62843,1252.7164, 16.41426,-1237.3916,16.730238,Cooking,4
62879,62880,1208.9452,4.4277371,-1292.5963,-81.870218,Cooking,4
62924,62927,57.9026,-1.48608,-42.9281,0.476914,Entertainment,1
63062,63193,45.358,-25.0662,-55.0684,25.8695,Entertainment,1
62794,62798,1086.1882,22.171242,-1086.1882,-22.171242,Cooking,8
62801,62825,236.7469,105.9475,-123.312,-125.2041,Cooking,Extractor 11
62813,62995,129.525,15.70296,-129.525,-15.70296,Entertainment,8
62864,62883,47.67358,-747.4326,-47.67358,747.4326,Entertainment,8
62864,63048,81.82292,141.6696,-81.82292,-141.6696,Cooking,Extractor 12
62884,62906,1426.1183,-190.58115,-1426.1183,190.58115,Cooking,30
63108,63184,129.954,-14.1633,-149.4767,5.996276,Entertainment,4
63324,63339,81.824,95.3844,-81.4197,-91.8282,Refrigeration,Refrigerator
63298,63303,10.8097,0.229412,-10.8097,-0.229412,Lighting,1
63298,63309,10.0129,-1.68247,-10.0129,1.68247,Lighting,1
63298,63323,82.11683,115.0837,-82.11683,-115.0837,Cooking,Extractor 1
63380,63397,79.6396,94.7369,-75.6462,-92.1716,Refrigeration,Refrigerator
63372,63379,82.43145,114.8786,-80.82331,-113.7795,Cooking,Extractor 1
63437,63454,80.7049,92.5016,-72.9419,-90.6386,Refrigeration,Refrigerator
63408,63410,10.1376,-0.642287,-10.1376,0.642287,Lighting,1
63408,63434,79.54295,110.3084,-79.54295,-110.3084,Cooking,Extractor 1
63553,63566,77.5446, 93.153,-79.1472, -91.92,Refrigeration,Refrigerator
63522,63526,9.5276,-0.50214,-9.5276,0.50214,Lighting,1
63522,63537,10.275,-1.88563,-10.275,1.88563,Lighting,1
63522,63549,76.21385,112.7409,-76.21385,-112.7409,Cooking,Extractor 1
63609,63684,80.3561,93.6772,-77.5927,-90.3236,Refrigeration,Refrigerator
63689,63691,10.3715,1.98234,-10.3715,-1.98234,Lighting,1
63689,63696,10.5534,0.677032,-10.5534,-0.677032,Lighting,1
63689,63716,86.88272,112.8127,-86.88272,-112.8127,Cooking,Extractor 1
63725,63741,85.3152,92.8895,-71.9706,-90.3957,Refrigeration,Refrigerator
63756,63762,1182.3171,-8.2365133,-1218.6433,14.145934,Cooking,4
63787,63945,Cleaning,Washing Machine
63961,63965,82.0879,-0.455563,-84.5553,2.70151,Entertainment,6
63985,63986,14.3655,-2.26135,-14.7653,1.126,Lighting,1
63989,64000,166.0665,159.9665,-170.9486,-177.6493,Cooking,Extractor 9
64004,64007,142.5138,66.66526,-145.3135,-67.20692,Cooking,Extractor 8
64058,64076,77.5585, 94.955,-80.4108,-90.9155,Refrigeration,Refrigerator
64029,64033,11.6399,3.98473,-11.6399,-3.98473,Lighting,1
64029,64040,9.8692,-2.5153,-9.8692,2.5153,Lighting,1
64029,64056,81.38367,114.2787,-81.38367,-114.2787,Cooking,Extractor 1
64686,64689,10.1097,2.31143,-10.1097,-2.31143,Lighting,1
64686,64696,9.2315,-2.407,-9.2315, 2.407,Lighting,1
64686,64717,76.07214,117.5326,-76.07214,-117.5326,Cooking,Extractor 1
64776,64792,79.1307,96.3288,-79.6275,-95.4535,Refrigeration,Refrigerator
64743,64746,11.4713,-1.87456,-11.4713,1.87456,Lighting,1
64743,64751,9.8545, -0.067121,-9.8545,0.067121,Lighting,1
64743,64772,83.46727, 115.695,-83.46727,-115.695,Cooking,Extractor 1
64799,64828,106.5807,120.7316,-84.91861,-117.4982,Cooking,Extractor 3
64802,64808,77.6759,71.7021,-97.8224,-67.7171,Cooking,Extractor 2
64836,64852,79.7199,97.2494,-78.5044,-95.4539,Refrigeration,Refrigerator
64855,64858,11.2184,0.633722,-11.2184,-0.633722,Lighting,1
64855,64866,9.2799,0.30638,-9.2799,-0.30638,Lighting,1
64855,64883,82.43897,116.3937,-82.43897,-116.3937,Cooking,Extractor 1
64956,64971,80.9244,92.9175,-77.0224,-90.4811,Refrigeration,Refrigerator
64968,64975,9.9528,0.85549,-9.9528,-0.85549,Lighting,1
64968,64995,80.77218,114.8372,-80.77218,-114.8372,Cooking,Extractor 1
65014,65030,80.0613,94.5688,-91.422,-93.5744,Refrigeration,Refrigerator
65025,65053,103.8996,115.1277,-81.45818,-114.5309,Cooking,Extractor 3
65037,65042,80.7368,70.0833,-87.3519,-65.3038,Cooking,Extractor 2
65072,65086,83.0911,93.4794,-90.7595,-94.0914,Refrigeration,Refrigerator
65082,65110,99.65753,117.3348,-80.44954,-109.4927,Cooking,Extractor 3
65128,65145,78.4075,93.3804,-91.7543,-93.1235,Refrigeration,Refrigerator
65139,65167,100.4341,114.5065,-84.49589,-111.3887,Refrigeration,Refrigerator
65168,65169,82.7728,68.4814,-80.2154,-68.2773,Refrigeration,Refrigerator
65171,65179,83.5717,71.2584,-83.5717,-71.2584,Refrigeration,Refrigerator
65196,65224,97.47448,113.9113,-67.00123,-80.78199,Refrigeration,Refrigerator
65178,65179,1135.2476,-82.780709,-1135.2476,82.780709,Cooking,4
65178,65186,1135.2476,-82.780709,-1195.1953,15.501659,Cooking,4
65239,65265,82.0339,93.1091,-74.6596,-92.3583,Refrigeration,Refrigerator
65244,65248,83.8547,67.5565,-80.9245,-71.3876,Cooking,Extractor 2
65281,65282,1487.6434, 513.8267,-1487.6434,-513.8267,Cooking,Microwave Oven 1
65281,65292,85.50206,118.1182,-85.50206,-118.1182,Cooking,Extractor 1
65305,65316,85.4764,67.9008,-89.1301,-68.7073,Cooking,Extractor 2
65366,65370,85.7989,65.4014,-85.7989,-65.4014,Cooking,Extractor 2
65358,65370,59.8635,-2.65611,-59.8635,2.65611,Entertainment,1
65433,65434,21.6586,0.0271572,-21.6586, -0.0271572,Lighting,1
65433,65439,77.94917,110.2008,-77.94917,-110.2008,Cooking,Extractor 1
65496,65502,1222.7807,-16.121059,-1204.5505,15.177789,Cooking,4
65527,65528,1225.2666,-17.46111,-1225.2666, 17.46111,Cooking,4
65464,65465,63.731,-1.19322,-63.731,1.19322,Entertainment,1
65464,65469,11.2492,1.09597,-11.2492,-1.09597,Lighting,1
65464,65491,83.10275,116.1157,-83.10275,-116.1157,Cooking,Extractor 1
65464,65542,22.6698,28.8768,-22.6698,-28.8768,Lighting,2
65471,65473,86.1857,71.2614,-87.1773, -71.32,Cooking,Extractor 2
65474,65479,1488.3683,602.37608,-1432.2047,-460.54679,Cooking,Microwave Oven 1
65509,65528,14.557632,31.134037,-1225.2666, 17.46111,Lighting,2
65527,65535,6.6117,-3.8979,-6.6117,3.8979,Lighting,1
65553,65577,90.1309,97.2232,-83.8246,-98.0945,Refrigeration,Refrigerator
65605,65606,63.495,-0.434291,-62.304,-0.346403,Entertainment,1
66124,66127,10.8872,0.0205626,-10.8872, -0.0205626,Lighting,1
66124,66132,10.1356,-2.42395,-10.1356,2.42395,Lighting,1
66124,66151,84.01818,109.0059,-84.01818,-109.0059,Cooking,Extractor 1
66158,66175,90.5955,92.1039,-78.8108,-89.9432,Refrigeration,Refrigerator
66180,66183,11.1148,4.37143,-11.1148,-4.37143,Lighting,1
66180,66191,10.3889,1.77133,-10.3889,-1.77133,Lighting,1
66180,66207,81.95813,110.7902,-81.95813,-110.7902,Cooking,Extractor 1
66217,66233,83.5218,92.1751,-82.0394,-90.8501,Refrigeration,Refrigerator
66235,66238,9.7672,-1.274,-9.7672, 1.274,Lighting,1
66235,66244,9.5464,0.86907,-9.5464,-0.86907,Lighting,1
66235,66263,84.83243,110.9741,-84.83243,-110.9741,Cooking,Extractor 1
66291,66295,10.9196,-2.43647,-10.9196,2.43647,Lighting,1
66291,66305,9.0659,0.9171,-9.0659,-0.9171,Lighting,1
66291,66319,81.10707,112.7311,-81.10707,-112.7311,Cooking,Extractor 1
66334,66351,80.2954,93.4664,-87.4385,-90.4775,Refrigeration,Refrigerator
66347,66374,101.6975,111.5553,-82.46968,-111.9558,Cooking,Extractor 3
66402,66405,14.0198,1.97979,-14.0198,-1.97979,Lighting,1
66402,66430,86.38095,111.8086,-86.38095,-111.8086,Cooking,Extractor 1
66458,66461,12.6995,-0.350838,-12.6995,0.350838,Lighting,1
66458,66465,10.9156,3.68394,-10.9156,-3.68394,Lighting,1
66458,66485,81.18265,111.7956,-81.18265,-111.7956,Cooking,Extractor 1
66510,66528,84.4331,94.8948,-80.8771,-91.3243,Refrigeration,Refrigerator
66514,66516,12.584,2.38516,-12.584,-2.38516,Lighting,1
66514,66521,13.4923,0.459736,-13.4923,-0.459736,Lighting,1
66514,66541,83.30511,110.9187,-83.30511,-110.9187,Cooking,Extractor 1
66574,66593,79.727,95.6648,-82.8642,-94.4061,Refrigeration,Refrigerator
66570,66573,10.8367,3.11735,-10.8367,-3.11735,Lighting,1
66570,66597,78.83768,111.1101,-78.83768,-111.1101,Cooking,Extractor 1
66617,66618,12.3, -0.5,-12.6, -0.2,Lighting,1
66619,66620,14, -0.5,-13.6,,0.4,Lighting,1
66608,66613,1045.4,,-21.3,-1023.1,21.1,Cooking,8
66614,66615,798.4,2.4,-797.2,,-1.6,Cooking,24
66624,66625,27,,2.4,,-27, -2.4,Entertainment,2
66624,66628,110.9,,91.3,-110.9, -91.3,Cooking,Microwave Oven 13
66626,66653,112, 111.3, -75.2, -76.3,Cooking,Extractor 3
66686,66704,78.1405, 93.636,-82.9696,-84.9323,Refrigeration,Refrigerator
66743,66761,76.9517,92.5048,-83.0239,-90.7539,Refrigeration,Refrigerator
66681,66685,9.9573,1.0956,-9.9573,-1.0956,Lighting,1
66735,66736,21.3676,0.864718,-21.1962,0.813913,Lighting,1
66681,66701,226.7897,56.00941,-226.7897,-56.00941,Cooking,Extractor 5
66681,66709,60.19861,111.2885,-60.19861,-111.2885,Cooking,Extractor 13
66691,66750,136.6173,-7.698951,-136.6173,7.698951,Entertainment,4
66711,66765,62.69522,67.36468,-75.67182,-109.0035,Cooking,Microwave Oven 5
66732,66733,59.7804, -0.0257719,-59.5756,0.637705,Entertainment,1
66737,66750,249.9725,94.54352,-249.9725,-94.54352,Cooking,Extractor 11
66804,66823,79.2835,90.8912,-72.3994,-89.7565,Refrigeration,Refrigerator
66793,66877,105.4781, 110.985,-88.7906,-115.2351,Cooking,Extractor 3
66905,66933,100.6504,115.0205,-136.4034,-107.8882,Cooking,Extractor 3
66777,66805,53.1927,-5.11328,-53.1927,5.11328,Entertainment,1
66777,66813,32.183,67.68,-32.183, -67.68,Cooking,Microwave Oven 10
66802,66821,72.46993, 66.1782,-85.62962,-110.047,Cooking,Extractor 2
66837,66839,888.23044,1122.8645,-887.48657,-1126.0636,Cleaning,Vaccum Cleaner 2
66840,66854,142.8761,-8.347897,-148.8895,8.928323,Entertainment,4
66850,66941,99.01929,115.4802,-93.7323,-118.3835,Cooking,Extractor 3
66862,66867,1182.0718,-1.0639327,-1630.2501,-50.653841,Cooking,4
66868,66874,1179.646, -0.066239972,-1198.7931,0.81480009,Cooking,4
66934,66936,84.0319,69.0774,-85.1732,-69.1887,Cooking,Extractor 2
66961,66963,10.4183,-0.906335,-10.4183,0.906335,Lighting,1
66961,66968,11.5582,4.56203,-11.5582,-4.56203,Lighting,1
66961,66988,80.06789, 110.694,-80.06789,-110.694,Cooking,Extractor 1
66961,67000,10.0596,-0.624796,-10.0596,0.624796,Lighting,1
66983,67004,58.8058,74.1833,-52.6888,-71.0549,Cooking,Microwave Oven 5
67048,67066,83.5873,93.6695,-83.6144,-94.0866,Refrigeration,Refrigerator
67017,67019,11.3943,3.79301,-11.3943,-3.79301,Lighting,1
67017,67023,10.0486,-2.9869,-10.0486, 2.9869,Lighting,1
67017,67044,88.79676,112.7507,-88.79676,-112.7507,Cooking,Extractor 1
67072,67076,10.2593,2.51662,-10.2593,-2.51662,Lighting,1
67072,67088,9.652,2.7146,-9.652,-2.7146,Lighting,1
67072,67100,86.2753,111.2739,-86.2753,-111.2739,Cooking,Extractor 1
67546,67563,79.3019,97.6224,-79.9465,-93.0302,Refrigeration,Refrigerator
67523,67526,11.162,3.79828,-11.162,-3.79828,Lighting,1
67523,67535,11.7848,5.28176,-11.7848,-5.28176,Lighting,1
67523,67552,80.56857,113.8471,-80.56857,-113.8471,Cooking,Extractor 1
67606,67621,81.9986,92.1654,-75.4982,-93.3877,Refrigeration,Refrigerator
67662,67677,77.9135,94.3094,-73.0706,-92.3715,Refrigeration,Refrigerator
67622,67623,86.8399,68.8415,-87.4765,-66.3521,Cooking,Extractor 2
67636,67648,9.4958,-1.2913,-9.4958,1.2913,Lighting,1
67636,67664,76.32436,111.6589,-76.32436,-111.6589,Cooking,Extractor 1
67636,67674,9.3788,-0.93386,-9.3788,0.93386,Lighting,1
67717,67732,87.0831,93.6715,-74.3658,-92.7882,Refrigeration,Refrigerator
67772,67788,79.8372, 95.774,-81.7056,-92.1239,Refrigeration,Refrigerator
67749,67752,11.201,-0.638952,-11.201,0.638952,Lighting,1
67749,67757,10.4129,2.29309,-10.4129,-2.29309,Lighting,1
67749,67777,81.16514,113.2951,-81.16514,-113.2951,Cooking,Extractor 1
67829,67844,82.8132,94.6833,-82.5675,-92.2398,Refrigeration,Refrigerator
67802,67809,86.5407,69.5898,-99.7352,-65.101,Cooking,Extractor 2
67805,67833,107.0849,114.3751,-81.40567,-113.0507,Cooking,Extractor 3
67884,67899,77.5376,92.4648,-81.8496,-92.9557,Refrigeration,Refrigerator
67939,67956,90.0155,92.3284,-80.2144,-89.5658,Refrigeration,Refrigerator
67998,68014,88.4688,99.8275,-82.0701,-90.4647,Refrigeration,Refrigerator
67974,67977,10.2741, -0.0825818,-10.2741,0.0825818,Lighting,1
67974,67982,10.1908,-1.40879,-10.1908,1.40879,Lighting,1
67974,68002,88.78279,114.1676,-88.78279,-114.1676,Cooking,Extractor 1
68016,68020,85.5635,68.1128,-84.5998,-67.9423,Cooking,Extractor 2
68039,68040,75.1093,66.2556,-82.686,-66.6101,Cooking,Extractor 2
68044,68048,1063.0349,6.0046985,-1081.7563,-34.478584,Cooking,8
68107,68123,82.7694,94.4495,-76.6335,-93.6718,Refrigeration,Refrigerator
68088,68090,9.9916,-2.4276,-9.9916,2.4276,Lighting,1
68088,68095,10.3664,-1.06661,-10.3664,1.06661,Lighting,1
68088,68116,85.92788,109.5982,-85.92788,-109.5982,Cooking,Extractor 1
68104,68128,132.7397,70.92657,-135.1207,-73.49261,Cooking,Extractor 8
68163,68179,85.2867,92.3753,-82.9553,-90.9908,Refrigeration,Refrigerator
68137,68187,85.3968,66.9948,-86.8168,-66.0642,Cooking,Extractor 2
68140,68152,187.6759,24.99642,-187.6759,-24.99642,Entertainment,9
68144,68172,107.5974,113.6203,-84.44809,-113.3062,Cooking,Extractor 3
68151,68152,46.6528,-2.79479,-46.6528,2.79479,Entertainment,1
68159,68168,136.1938,-10.7189,-137.8581,5.977036,Entertainment,4
68987,69009,86.4189,94.1747,-81.0728,-90.5103,Refrigeration,Refrigerator
68977,68981,10.6272,0.442518,-10.6272,-0.442518,Lighting,1
68977,68996,9.6145,0.99788,-9.6145,-0.99788,Lighting,1
68977,69014,78.6089,113.3753,-78.6089,-113.3753,Cooking,Extractor 1
69049,69068,82.7225,94.2549,-75.7292,-90.9998,Refrigeration,Refrigerator
69038,69041,9.3892,-1.3131,-9.3892,1.3131,Lighting,1
69038,69048,9.5165,-0.97698,-9.5165,0.97698,Lighting,1
69038,69063,10.7607,5.61546,-10.7607,-5.61546,Lighting,1
69038,69072,77.73754,108.4998,-77.73754,-108.4998,Cooking,Extractor 1
69108,69127,80.6167,88.7809,-72.6768,-89.6295,Refrigeration,Refrigerator
69097,69100,11.4334,-0.954268,-11.4334,0.954268,Lighting,1
69097,69105,9.9109,0.85798,-9.9109,-0.85798,Lighting,1
69097,69124,11.0588,-1.92158,-11.0588,1.92158,Lighting,1
69097,69131,78.98822,107.8571,-78.98822,-107.8571,Cooking,Extractor 1
69157,69159,10.0595,0.78514,-10.0595,-0.78514,Lighting,1
69157,69189,78.80975,112.5633,-78.80975,-112.5633,Cooking,Extractor 1
69196,69201,85.2221,68.2255,-84.7969,-68.0974,Cooking,Extractor 2
69215,69218,9.6343,1.0893,-9.6343,-1.0893,Lighting,1
69215,69247,81.04052,112.1785,-81.04052,-112.1785,Cooking,Extractor 1
69272,69277,9.3381,-2.2452,-9.3381,2.2452,Lighting,1
69272,69282,11.5221,-4.68612,-11.5221,4.68612,Lighting,1
69272,69304,81.64815,113.1424,-81.64815,-113.1424,Cooking,Extractor 1
69326,69341,82.7628,92.7849,-80.3731,-91.1486,Refrigeration,Refrigerator
69330,69332,11.3703,1.13396,-11.3703,-1.13396,Lighting,1
69330,69335,11.1501,-2.48636,-11.1501,2.48636,Lighting,1
69330,69362,81.3988,108.6504,-81.3988,-108.6504,Cooking,Extractor 1
69365,69370,86.9457,69.9744,-85.1558,-68.6262,Cooking,Extractor 2
69378,69392,81.8754,93.7601,-84.1233,-97.4273,Refrigeration,Refrigerator
69387,69389,10.065,-2.07626,-10.065,2.07626,Lighting,1
69387,69419,86.3832,115.3322,-86.3832,-115.3322,Cooking,Extractor 1
69430,69446,82.234,95.1759,-83.6596,-90.1799,Refrigeration,Refrigerator
69444,69451,10.3715,-0.62701,-10.3715,0.62701,Lighting,1
69444,69475,82.40214,108.9635,-82.40214,-108.9635,Cooking,Extractor 1
69485,69548,Cleaning,Washing Machine
69558,69560,10,,1.8,,-10, -1.8,Lighting,1
69566,69587,45.5, 0.85,-70.7,-10.1,Lighting,1
69628,69629,27.3,,1.5,,-33,,8.2,Lighting,1
69655,69656,3.1,,1.5,,-10,-1,Lighting,1
69556,69623,78.7, 73.8,,-86,-64.6,Cooking,Extractor 2
69558,69647,77.4, 111.6, -77.4,-111.6,Cooking,Extractor 1
69585,69603,122.6,,86.5,-124.7, -94.3,Cooking,Microwave Oven 13
69600,69609,911.85, 1120.5,-966.35, -1184.85,Cleaning,Vaccum Cleaner 2
69675,69855,Cleaning,Washing Machine
69892,69914,82, 93.2,-79.1,-91.7,Refrigeration,Refrigerator
69862,69923,144.8,,-9.6,-125.1,,11.2,Entertainment,4
69879,69909,104.7,114.25, -83.6,-110.9,Cooking,Extractor 3
70434,70455,88.6534,96.3342,-74.2599,-91.7283,Refrigeration,Refrigerator
70497,70516,80.0169,95.7333,-84.0669,-92.9785,Refrigeration,Refrigerator
70558,70559,605.1998,168.8188,-523.324,-75.83973,Cooking,Microwave Oven 14
70571,70574,79.7905,69.1534,-70.089,-38.5434,Cooking,Extractor 2
70575,70603,107.8567,117.2111,-98.43471,-142.1425,Cooking,Extractor 3
70620,70639,83.7338,93.9732,-76.0883,-91.806,Refrigeration,Refrigerator
70682,70703,79.7602,94.2371,-74.4457,-93.6542,Refrigeration,Refrigerator
70875,70895,99.5123,93.2124,-79.5918,-88.7109,Refrigeration,Refrigerator
71382,71402,86.3535, 93.866,-88.1692,-92.6622,Refrigeration,Refrigerator
71393,71394,739.4589,273.7656,-679.7977,-281.4551,Cooking,Microwave Oven 15
71453,71463,10.331,-0.118125,-10.331,0.118125,Lighting,1
71453,71481,89.14495,113.5598,-89.14495,-113.5598,Cooking,Extractor 1
71532,71626,83.969,85.1696,-73.895,-90.2056,Refrigeration,Refrigerator
71668,71688,94.8351,97.2302,-80.8908,-94.9267,Refrigeration,Refrigerator
71829,71863,85.9244,83.0962,-81.858,-93.7142,Refrigeration,Refrigerator
71487,71656,117.1165,-8.90943,-117.1165, 8.90943,Entertainment,4
71562,71615,159.9525,-6.907375,-159.9525,6.907375,Entertainment,4
71822,71827,140.7683,-13.31272,-140.3887,10.97158,Entertainment,4
71507,71525,187.4955,206.3391,-198.125,-125.7382,Cooking,Extractor 14
71562,71778,176.8224,142.9495,-176.8224,-142.9495,Cooking,Extractor 14
71534,71536,79.40498,107.9055,-79.40498,-107.9055,Cooking,Extractor 1
71600,71606,82.95053,143.4253,-82.95053,-143.4253,Cooking,Extractor 1
71631,71889,100.4044,144.5546,-98.18783,-145.4728,Cooking,Extractor 1
71687,71751,110.0205,116.1502,-110.0205,-116.1502,Cooking,Extractor 1
71789,71808,81.47734,123.0505,-86.54048,-124.7157,Cooking,Extractor 1
71804,71832,99.93448,82.34773,-91.82156,-110.956,Cooking,Extractor 1
71562,71563,1093.177,-113.37346,-1093.177,113.37346,Cooking,8
71600,71602,1060.471,-75.565947,-1060.471,75.565947,Cooking,8
71635,71751,73.9033,50.1353,-73.9033,-50.1353,Cooking,Extractor 2
71875,71886,88.66944,70.35421,-102.5301,-52.07053,Cooking,Extractor 2
71487,71527,122.4652,35.21332,-122.4652,-35.21332,Entertainment,10
71487,71871,85.1493,2.96057,-85.1493,-2.96057,Entertainment,6
71528,71531,96.85172,-0.4185049,-875.37479,-1151.643,Entertainment,6
71534,71544,1207.2481,-32.670339,-1207.2481,32.670339,Cooking,4
71546,71549,1273.1513,54.891042,-1273.1513,-54.891042,Cooking,4
71546,71740,152.0586,82.24365,-152.0586,-82.24365,Cooking,Extractor 7
71550,71554,637.0496,36.81853,-637.0496,-36.81853,Cooking,36
71550,71557,590.2333,7.364284,-590.2333,-7.364284,Cooking,36
71562,71596,897.0787,-38.83818,-897.0787,38.83818,Cooking,27
71915,71917,13.4142, -1.693,-13.4142,1.693,Lighting,1
71915,71943,86.82004,115.2017,-86.82004,-115.2017,Cooking,Extractor 1
71965,71983,81.682,94.8516,-82.9096,-91.018,Refrigeration,Refrigerator
71971,71972,10.2778,-0.252419,-10.2778,0.252419,Lighting,1
71971,71975,11.9287,2.24876,-11.9287,-2.24876,Lighting,1
71971,71998,81.46117,112.6988,-81.46117,-112.6988,Cooking,Extractor 1
72026,72029,12.0029,1.40127,-12.0029,-1.40127,Lighting,1
72026,72032,11.3357,-0.329074,-11.3357,0.329074,Lighting,1
72026,72053,79.69564,113.4871,-79.69564,-113.4871,Cooking,Extractor 1
72046,72051,84.7844, 69.016,-86.506,-66.9381,Cooking,Extractor 2
72081,72089,9.5443,-0.50985,-9.5443,0.50985,Lighting,1
72081,72109,80.33505,113.0781,-80.33505,-113.0781,Cooking,Extractor 1
72138,72141,10.1535,0.0449146,-10.1535, -0.0449146,Lighting,1
72138,72163,77.74022,111.7493,-77.74022,-111.7493,Cooking,Extractor 1
72193,72196,10.5625,-2.49416,-10.5625,2.49416,Lighting,1
72193,72219,80.56016,114.8707,-80.56016,-114.8707,Cooking,Extractor 1
72261,72275,74.6549,67.46415,-88.25443,-112.6909,Cooking,Extractor 2
72326,72342,76.9811,92.6059,-82.904,-89.1228,Refrigeration,Refrigerator
72302,72305,9.928,2.5871,-9.928,-2.5871,Lighting,1
72302,72310,10.4188,4.09367,-10.4188,-4.09367,Lighting,1
72302,72329,78.2142,111.5676,-78.2142,-111.5676,Cooking,Extractor 1
72372,72374,789.2953,-9.565043,-789.2953,9.565043,Cooking,24
72372,72382,1006.7551,-13.423852,-1006.7551,13.423852,Cooking,8
72392,72396,91.763423,63.800608,-1156.4606,-92.146963,Cooking,Extractor 2
72443,72466,83.697,93.0992,-83.5577,-91.3476,Refrigeration,Refrigerator
72429,72433,76.1954,67.7071,-84.786,-68.5165,Cooking,Extractor 2
72457,72471,137.818,-11.57181,-134.7312,11.86524,Entertainment,4
72868,72911,Cleaning,Washing Machine
72920,72922,13.0707,-1.72023,-12.2265,2.79525,Lighting,1
72990,73085,Cleaning,Washing Machine
73349,73365,80.3731,92.2485,-82.8391,-90.4499,Refrigeration,Refrigerator
73326,73329,10.7977,3.27607,-10.7977,-3.27607,Lighting,1
73326,73342,10.1237,-0.543275,-10.1237,0.543275,Lighting,1
73326,73354,77.921,114.3719, -77.921,-114.3719,Cooking,Extractor 1
73406,73422,77.8416,91.9325,-83.8236,-91.5535,Refrigeration,Refrigerator
73382,73385,9.7565,-1.5937,-9.7565,1.5937,Lighting,1
73382,73393,10.0204,-0.505864,-10.0204,0.505864,Lighting,1
73382,73409,76.8927,113.2148,-76.8927,-113.2148,Cooking,Extractor 1
73462,73478,78.4068,96.7372,-74.6808,-93.7064,Refrigeration,Refrigerator
73437,73440,12.0665,1.47733,-12.0665,-1.47733,Lighting,1
73437,73447,10.1554,-2.03602,-10.1554,2.03602,Lighting,1
73437,73464,74.5491,115.0395,-74.5491,-115.0395,Cooking,Extractor 1
73437,73472,9.2021,0.31615,-9.2021,-0.31615,Lighting,1
73517,73522,80.9242,68.7231,-90.1558,-67.8224,Cooking,Extractor 2
73519,73531,10.3014,-19.2264,-9.91847,1.04802,Lighting,1
73576,73591,78.0549,94.2181,-78.3777,-92.5596,Refrigeration,Refrigerator
73548,73550,9.7644,-0.29324,-9.7644,0.29324,Lighting,1
73548,73557,9.928, 0.0075643,-9.928,-0.0075643,Lighting,1
73548,73575,80.31842,115.4248,-80.31842,-115.4248,Cooking,Extractor 1
73632,73648,82.8364,94.2551,-82.1826,-91.2371,Refrigeration,Refrigerator
73603,73606,10.3549,-0.180404,-10.3549,0.180404,Lighting,1
73603,73613,10.006,0.0966469,-10.006, -0.0966469,Lighting,1
73603,73630,82.38629,112.4905,-82.38629,-112.4905,Cooking,Extractor 1
73658,73660,10.0653,3.96886,-10.0653,-3.96886,Lighting,1
73658,73665,11.1538,-0.531368,-11.1538,0.531368,Lighting,1
73658,73685,84.67661,113.0894,-84.67661,-113.0894,Cooking,Extractor 1
73690,73705,80.2979,94.9732,-80.0655,-92.5144,Refrigeration,Refrigerator
73714,73741,106.2519,113.6239,-88.97944,-113.0237,Cooking,Extractor 3
73747,73762,82.9213,94.2706,-81.3768,-92.8091,Refrigeration,Refrigerator
73827,73909,Cleaning,Washing Machine
73933,73964,110.856,116.1191,-110.856,-116.1191,Cooking,Extractor 3
73946,73982,26.2942, 7.1367,-31.9561,-4.98811,Entertainment,2
73961,73964,84.1918,63.9207,-84.1918,-63.9207,Cooking,Extractor 2
74001,74004,74.359, 68.009,-88.6689,-67.1165,Cooking,Extractor 2
74008,74011,77.6808, 66.535,-82.769,-63.4185,Cooking,Extractor 2
73992,73993,536.5775,153.5827,-536.5775,-153.5827,Cooking,Microwave Oven 16
73992,74020,80.80308,115.6126,-80.80308,-115.6126,Cooking,Extractor 1
73995,74015,73.3874,89.4643,-77.1318,-78.841,Cooking,Extractor 4
74107,74621,Cleaning,Washing Machine
74795,74811,78.4656,94.9181,-79.4633,-93.4137,Refrigeration,Refrigerator
74801,74802,9.9992,-3.3635,-9.9992,3.3635,Lighting,1
74801,74805,12.3467,4.49297,-12.3467,-4.49297,Lighting,1
74801,74828,82.33222,113.3528,-82.33222,-113.3528,Cooking,Extractor 1
74855,74860,11.0695,0.695651,-11.0695,-0.695651,Lighting,1
74855,74883,79.63797,113.7032,-79.63797,-113.7032,Cooking,Extractor 1
74862,74867,79.4727,69.0359,-94.2611,-68.8129,Cooking,Extractor 2
74911,74914,10.4919,1.96917,-10.4919,-1.96917,Lighting,1
74911,74938,80.26196,116.9001,-80.26196,-116.9001,Cooking,Extractor 1
74978,74995,79.0785,94.9137,-73.612,-93.869,Refrigeration,Refrigerator
74966,74968,9.5172,-1.0769,-9.5172,1.0769,Lighting,1
74966,74974,10.7257,1.18408,-10.7257,-1.18408,Lighting,1
74966,74993,89.3653,116.9212,-89.3653,-116.9212,Cooking,Extractor 1
75041,75060,78.4874,92.5674,-76.7232,-91.4867,Refrigeration,Refrigerator
75022,75025,12.1701,0.755934,-12.1701,-0.755934,Lighting,1
75022,75031,9.4335,0.40915,-9.4335,-0.40915,Lighting,1
75022,75049,82.14467,112.4627,-82.14467,-112.4627,Cooking,Extractor 1
75108,75127,94.3662,92.4346,-79.1161,-90.2025,Refrigeration,Refrigerator
75135,75139,13.519,2.85143,-13.519,-2.85143,Lighting,1
75135,75161,78.87601,109.3725,-78.87601,-109.3725,Cooking,Extractor 1
75174,75201,106.8311,92.73181,-88.05013,-67.66719,Cooking,Microwave Oven 13
75190,75218,104.7757,113.9536, -81.701,-110.4507,Cooking,Extractor 3
75231,75233,85.4952,66.8132,-85.0737,-66.9232,Cooking,Extractor 2
75240,75259,83.1199, 92.723,-76.9666,-87.6283,Refrigeration,Refrigerator
75262,75264,821.9605,26.93941,-808.0827,1.445687,Cooking,24
75267,75272,1035.729,-12.446341,-1039.8373,-16.55739,Cooking,8
75466,75575,Cleaning,Washing Machine
75685,75705,91.3432,97.1626,-88.683,-92.4529,Refrigeration,Refrigerator
75701,75703,11.5288,-2.31849,-11.5288,2.31849,Lighting,1
75701,75730,90.23962,117.3827,-90.23962,-117.3827,Cooking,Extractor 1
75714,75723,95.3361,66.7544,-95.3361,-66.7544,Cooking,Extractor 2
75714,75733,129.2998,-11.43178,-129.2998,11.43178,Entertainment,4
75746,75841,Cleaning,Washing Machine
76248,76266,78.8897,97.4726,-76.6985,-95.3807,Refrigeration,Refrigerator
76257,76259,11.4711,-0.544482,-11.4711,0.544482,Lighting,1
76257,76263,9.462,-0.61701,-9.462,0.61701,Lighting,1
76257,76284,84.6463,115.1315,-84.6463,-115.1315,Cooking,Extractor 1
76310,76327,84.8734,95.7282,-81.0097,-95.3609,Refrigeration,Refrigerator
76312,76315,11.1253, 2.1052,-11.1253,-2.1052,Lighting,1
76312,76319,12.3788,-1.09665,-12.3788,1.09665,Lighting,1
76312,76338,82.58528,115.1042,-82.58528,-115.1042,Cooking,Extractor 1
76440,76447,74.03408,97.93055,-82.96563,-113.7745,Cooking,Extractor 4
76488,76492,86.6305,69.7082,-87.1112,-69.7409,Cooking,Extractor 2
76529,76532,10.9887,-1.58618,-10.9887,1.58618,Lighting,1
76529,76537,9.9216,-0.65627,-9.9216,0.65627,Lighting,1
76529,76555,84.2407,113.2559,-84.2407,-113.2559,Cooking,Extractor 1
76696,76698,83.8471,64.6623,-83.8471,-64.6623,Cooking,Extractor 2
76696,76712,18.7975,0.893518,-18.7975,-0.893518,Lighting,1
76713,76714,822.4119,-7.933186,-823.249,8.0589,Cooking,24
76717,76722,1198.7963,-17.120407,-1189.344,14.943779,Cooking,4
76749,76776,110.2598,112.7079,-110.2598,-112.7079,Cooking,Extractor 3
76773,76774,74.5757,94.71842,-76.4001,-113.9103,Cooking,Extractor 3
76804,76826,98.4589,114.6967,-95.66686,-112.2949,Cooking,Extractor 3
76755,76761,82.7264,64.7148,-90.4831,-66.5302,Cooking,Extractor 2
76763,76834,75.8721,71.3017,-75.8721,-71.3017,Cooking,Extractor 2
76765,76776,142.1202,-8.493928,-142.1202,8.493928,Entertainment,4
76784,76786,48.5553,-3.07568,-57.1419,3.42243,Entertainment,1
76816,76834,56.7145,-77.6967,-56.7145,77.6967,Cooking,Microwave Oven 16
76857,77641,Cleaning,Washing Machine
77680,77696,87.7426,94.7259,-73.7389,-93.6828,Refrigeration,Refrigerator
77735,77751,83.1229,97.7238,-73.4864,-94.1438,Refrigeration,Refrigerator
77711,77714,9.2103,-0.34809,-9.2103,0.34809,Lighting,1
77711,77738,81.07586,117.9144,-81.07586,-117.9144,Cooking,Extractor 1
77711,77747,9.8086,-0.3094,-9.8086,0.3094,Lighting,1
77720,77725,79.2257,70.3181,-90.7817,-70.4194,Cooking,Extractor 2
77959,77974,83.6155,95.4612,-82.3113,-93.2207,Refrigeration,Refrigerator
77930,77933,10.7564,-1.89046,-10.7564,1.89046,Lighting,1
77930,77940,9.7301,-0.89911,-9.7301,0.89911,Lighting,1
77930,77956,81.97197,116.2942,-81.97197,-116.2942,Cooking,Extractor 1
78070,78086,80.0842,92.5951,-79.3618,-90.3075,Refrigeration,Refrigerator
78041,78045,12.5835,2.08196,-12.5835,-2.08196,Lighting,1
78041,78067,79.95383, 112.557,-79.95383,-112.557,Cooking,Extractor 1
78050,78055,78.2554,67.3001,-86.0534,-69.5381,Cooking,Extractor 2
78126,78142,79.7127,92.7126,-74.8187,-89.5004,Refrigeration,Refrigerator
78097,78100,10.1592,2.90519,-10.1592,-2.90519,Lighting,1
78097,78104,9.3345,0.85208,-9.3345,-0.85208,Lighting,1
78097,78124,83.94704,111.9201,-83.94704,-111.9201,Cooking,Extractor 1
78133,78137,83.8669,65.8172,-87.8275,-63.6946,Cooking,Extractor 2
78161,78188,87.73032,112.3927,-87.73032,-112.3927,Cooking,Extractor 3
78214,78225,102.1609,117.9259,-102.1609,-117.9259,Cooking,Extractor 3
78266,78294,103.2162,116.0938,-94.7004,-154.1165,Cooking,Extractor 3
78177,78283,76.2888,92.3837,-76.2888,-92.3837,Cooking,Extractor 2
78273,78283,77.3827, 69.749,-77.3827,-69.749,Cooking,Extractor 2
78284,78290,84.6085,66.9146,-85.6891,-69.6998,Cooking,Extractor 2
78218,78225,132.0594,-14.67805,-132.0594,14.67805,Entertainment,4
78261,78269,142.8419,-8.530822,-148.229,13.56453,Entertainment,4
78161,78162,783.3951,-44.58534,-783.3951,44.58534,Cooking,24
78226,78227,57.5066,-1.58464,-57.9434,2.71382,Entertainment,1
78228,78255,1263.7636,76.100838,-1239.9206,13.986537,Cooking,4
78257,78259,1472.5687,570.49909,-1476.3709,-570.24649,Cooking,Microwave Oven 1
78301,78302,1230.4696,-27.543686,-1229.7549,28.211587,Cooking,4
78309,78462,Cleaning,Washing Machine
78601,78636,Cleaning,Washing Machine
79094,79113,83.6044,92.9934,-77.7651,-93.5793,Refrigeration,Refrigerator
79101,79104,10.6049,2.77293,-10.6049,-2.77293,Lighting,1
79101,79107,10.876,-1.51323,-10.876,1.51323,Lighting,1
79101,79129,83.11457,111.9618,-83.11457,-111.9618,Cooking,Extractor 1
79157,79161,12.386,-1.26617,-12.386,1.26617,Lighting,1
79157,79185,81.79014,110.4562,-81.79014,-110.4562,Cooking,Extractor 1
79212,79229,78.7462,92.1196,-74.3006,-89.4479,Refrigeration,Refrigerator
79214,79216,12.5306,3.00348,-12.5306,-3.00348,Lighting,1
79214,79219,10.4092,-1.99492,-10.4092,1.99492,Lighting,1
79214,79226,10.1938,-2.94394,-10.1938,2.94394,Lighting,1
79214,79241,81.53661,111.2858,-81.53661,-111.2858,Cooking,Extractor 1
79269,79273,10.5355,4.17239,-10.5355,-4.17239,Lighting,1
79269,79277,10.9065,1.12954,-10.9065,-1.12954,Lighting,1
79269,79296,80.63386,111.6593,-80.63386,-111.6593,Cooking,Extractor 1
79382,79387,13.2447,-0.783086,-13.2447,0.783086,Lighting,1
79382,79392,10.0657, -1.425,-10.0657,1.425,Lighting,1
79382,79409,80.53986,112.4076,-80.53986,-112.4076,Cooking,Extractor 1
79431,79436,84.6591,68.1129,-83.4455,-64.0728,Cooking,Extractor 2
79437,79442,10.506,-3.37527,-10.506,3.37527,Lighting,1
79437,79445,9.845,1.2269,-9.845,-1.2269,Lighting,1
79437,79466,81.61121,112.2604,-81.61121,-112.2604,Cooking,Extractor 1
79493,79498,10.8282,2.51291,-10.8282,-2.51291,Lighting,1
79493,79501,9.0604,0.20169,-9.0604,-0.20169,Lighting,1
79493,79521,81.22829,110.7593,-81.22829,-110.7593,Cooking,Extractor 1
79549,79564,81.2046, 94.601,-77.8242,-94.2088,Refrigeration,Refrigerator
79582,79593,823.1199,-12.09498,-83.50161,-117.8251,Cooking,24
79646,79662,80.0398,96.9883,-82.9097,-92.4411,Refrigeration,Refrigerator
79805,79828,83.496,85.4948,-77.3529,-91.9711,Refrigeration,Refrigerator
79618,79647,75.34511,118.2443,-75.34511,-118.2443,Cooking,Extractor 1
79732,79761,90.75198,116.2874,-90.75198,-116.2874,Cooking,Extractor 1
79790,79883,54.64569,113.4045,-54.64569,-113.4045,Cooking,Extractor 1
79631,79705,83.7793,72.4193,-88.7333,-66.9722,Cooking,Extractor 2
79732,79738,89.8811,67.9499,-89.8811,-67.9499,Cooking,Extractor 2
79749,79855,87.3321,64.6393,-83.9296,-65.0813,Cooking,Extractor 2
79664,79670,65.6598,2.11871,-64.4896,-4.00322,Entertainment,1
79695,79741,72.6347,4.86752,-72.6347,-4.86752,Entertainment,1
79790,79808,56.037,1.02201,-56.037,-1.02201,Entertainment,1
79618,79820,30.0362,-1.87778,-30.0362,1.87778,Entertainment,2
79676,79736,108.9326,116.1473,-102.7262,-66.67694,Cooking,Extractor 3
79695,79723,126.5149,-8.788246,-126.5149,8.788246,Entertainment,4
79732,79824,56.8831,-1.60354,-56.8831,1.60354,Entertainment,1
79786,79788,198.6929,655.8308,-198.6079,-655.0061,Cooking,Microwave Oven 17
79807,79817,106.6659,178.8046,-106.6659,-178.8046,Cooking,Extractor 15
79807,79864,57.4824,-73.9295,-57.4824,73.9295,Cooking,Extractor 15
79825,79830,226.5783,56.36784,-219.0713,-82.20569,Cooking,Extractor 5
79865,79867,142.2839,90.09244,-142.0113,-59.94628,Cooking,Extractor 7
79923,79933,71.21062,91.04122,-84.52697,-110.9859,Cooking,Extractor 4
79977,79994,79.1455,96.7049,-81.9214,-92.7576,Refrigeration,Refrigerator
79959,79960,10.3943,1.85993,-10.3943,-1.85993,Lighting,1
79959,79966,10.0479,0.049848,-10.0479,-0.049848,Lighting,1
79959,79985,84.68702,112.0504,-84.68702,-112.0504,Cooking,Extractor 1
83504,83523,84.6477,93.5957,-75.1465,-92.2465,Refrigeration,Refrigerator
83529,83535,13.1045,0.906071,-13.1045,-0.906071,Lighting,1
83529,83559,89.06784,109.6021,-89.06784,-109.6021,Cooking,Extractor 1
83565,83583,80.412,92.4348,-79.8758,-90.3136,Refrigeration,Refrigerator
83587,83590,9.6414,-3.9514,-9.6414,3.9514,Lighting,1
83587,83597,10.0022,-1.8999,-10.0022, 1.8999,Lighting,1
83587,83614,83.94048,110.6654,-83.94048,-110.6654,Cooking,Extractor 1
83623,83639,79.3367,92.6113,-78.5774,-90.6284,Refrigeration,Refrigerator
83643,83648,11.8546,-2.34692,-11.8546,2.34692,Lighting,1
83643,83670,79.18464,110.1287,-79.18464,-110.1287,Cooking,Extractor 1
83680,83696,85.4047,92.2222,-73.3843,-90.3136,Refrigeration,Refrigerator
83699,83703,12.599,3.20725,-12.599,-3.20725,Lighting,1
83699,83712,9.7166,-0.53852,-9.7166,0.53852,Lighting,1
83699,83726,81.34195,114.9726,-81.34195,-114.9726,Cooking,Extractor 1
83766,83776,84.7382,71.6391,-88.8818,-68.4333,Cooking,Extractor 2
83795,83810,79.6083,95.7616,-80.3942,-96.529,Refrigeration,Refrigerator
83808,83815,10.4356,0.226787,-10.4356,-0.226787,Lighting,1
83808,83835,87.17097,114.6583,-87.17097,-114.6583,Cooking,Extractor 1
83851,83867,80.4491, 96.005,-84.5292,-96.5821,Refrigeration,Refrigerator
83863,83875,9.9592,1.3162,-9.9592,-1.3162,Lighting,1
83863,83889,81.23728,113.6992,-81.23728,-113.6992,Cooking,Extractor 1
83908,83925,80.6098,94.0669,-79.6182,-91.7634,Refrigeration,Refrigerator
83943,83948,1148.6736,48.974689,-1127.728,-40.213047,Cooking,4
83954,83957,440.7886,-82.50778,-440.7886,82.50778,Cooking,40
83954,84000,80.86162,109.7693,-80.86162,-109.7693,Cooking,Extractor 1
83977,83985,75.3068,65.9116,-93.3111,-63.5701,Cooking,Extractor 2
84009,84032,26.1154,-36.7792,-26.1154,36.7792,Entertainment,2
84035,84089,10.3369,-2.06236,-10.3369,2.06236,Entertainment,2
84035,84131,34.7592,-12.8702,-34.7592,12.8702,Entertainment,2
84139,84140,57.7204,-1.07803,-57.5723,2.65813,Entertainment,2
84142,84144,10.4535,-2.9715,-10.4535, 2.9715,Entertainment,2
84142,84163,10.4261,-1.72441,-10.4261,1.72441,Entertainment,2
84015,84055,78.81066,101.5348,-93.00269,-109.337,Refrigeration,Refrigerator
84021,84027,89.8426,67.7545,-90.8067,-66.6874,Refrigeration,Refrigerator
84085,84112,108.7737,114.7833,-108.7737,-114.7833,Refrigeration,Refrigerator
84093,84112,71.7241,90.6121,-71.7241,-90.6121,Refrigeration,Refrigerator
84142,84169,82.84591,110.7556,-82.84591,-110.7556,Refrigeration,Refrigerator
84009,84011,27.9644,64.8279,-27.9644,-64.8279,Cooking,Microwave Oven 10
84009,84124,17.6162,32.7081,-17.6162,-32.7081,Lighting,2
84035,84037,21.22108,338.3021,-21.22108,-338.3021,Cooking,Microwave Oven 18
84035,84176,66.1559,94.8433,-66.1559,-94.8433,Cooking,Extractor 4
84038,84063,139.5578,-7.706894,-130.5809,12.94946,Entertainment,4
84065,84069,60.5933,0.329502,-59.8438,0.636039,Entertainment,1
84130,84136,576.5406,-0.3402282,-576.5406,0.3402282,Cooking,36
84132,84136,600.8518,16.02849,-600.8518,-16.02849,Cooking,36
84137,84138,394.2332,0.04903259,-392.8186,1.192704,Cooking,42
84207,84210,77.6282,67.7614,-84.5732,-67.3264,Cooking,Extractor 2
84253,84278,148.3928,149.1056,-87.43385,-67.47434,Cooking,Extractor 9
84292,84298,1053.0051,-9.4604647,-1139.8233,-104.46845,Cooking,8
84299,84301,842.3336,196.0387,-839.8942,-193.3137,Cooking,Microwave Oven 19
84304,84305,705.9004,-6.113679,-786.6996,-77.43484,Cooking,44
84877,84894,82.113,95.2511,-77.3629,-96.2805,Refrigeration,Refrigerator
84859,84863,10.8121,-0.93591,-10.8121,0.93591,Lighting,1
84859,84872,10.4397,-0.196685,-10.4397,0.196685,Lighting,1
84859,84888,86.72065,120.7695,-86.72065,-120.7695,Cooking,Extractor 1
84935,84952,80.4514,98.7686,-81.3853,-92.1183,Refrigeration,Refrigerator
84913,84917,10.9416,0.0787379,-10.9416, -0.0787379,Lighting,1
84913,84924,9.4466,-1.7417,-9.4466,1.7417,Lighting,1
84913,84941,80.70274,117.1315,-80.70274,-117.1315,Cooking,Extractor 1
84991,84995,76.91398,116.8993,-76.91398,-116.8993,Cooking,Extractor 1
84991,84997,88.1033,67.8118,-88.1033,-67.8118,Cooking,Extractor 2
85105,85121,81.1418,93.0088,-79.8069,-93.0007,Refrigeration,Refrigerator
85075,85078,7.7611,0.33667,-7.7611,-0.33667,Lighting,1
85075,85086,9.8505,-0.41755,-9.8505,0.41755,Lighting,1
85075,85102,82.92734,113.7844,-82.92734,-113.7844,Cooking,Extractor 1
85130,85131,383.3149,83.99346,-383.3149,-83.99346,Cooking,Microwave Oven 20
85130,85134,10.5223,0.0459693,-10.5223, -0.0459693,Lighting,1
85130,85156,48.7602,57.5782,-48.7602,-57.5782,Cooking,Microwave Oven 5
85130,85157,40.8502,56.2612,-40.8502,-56.2612,Cooking,Microwave Oven 10
85162,85178,81.0288,94.7916,-80.213,-93.3224,Refrigeration,Refrigerator
85218,85234,80.6271,94.8497,-80.1931,-93.3132,Refrigeration,Refrigerator
85184,85189,10.8693,-0.955638,-10.8693,0.955638,Lighting,1
85184,85204,9.775,-2.8119,-9.775,2.8119,Lighting,1
85238,85242,10.1413,-0.626705,-10.1413,0.626705,Lighting,1
85184,85210,52.7983,73.7883,-52.7983,-73.7883,Cooking,Microwave Oven 5
85211,85216,59.465,31.9673,-85.3854,-68.7122,Entertainment,5
85238,85252,9.3255,0.29278,-9.3255,-0.29278,Lighting,1
85238,85265,81.96194,114.9465,-81.96194,-114.9465,Cooking,Extractor 1
85275,85290,80.9146,95.7694,-79.8735,-93.6563,Refrigeration,Refrigerator
85292,85319,102.2687, 117.125,-102.2687,-117.125,Cooking,Extractor 3
85307,85312,1118.3999,28.146119,-1180.194,-92.466363,Cooking,8
85315,85319,87.0433,69.6535,-87.0433,-69.6535,Cooking,Extractor 2
85325,85335,13.8721,-3.25647,-13.8721,3.25647,Lighting,1
85325,85341,69.8475,98.7997,-69.8475,-98.7997,Cooking,Extractor 4
85346,85373,105.0634,118.0537,-78.05392,-115.3941,Refrigeration,Refrigerator
85369,85427,83.56156,69.03103,-80.20801,-112.4648,Refrigeration,Refrigerator
85449,85514,85.79053,107.8911,-85.79053,-107.8911,Refrigeration,Refrigerator
85449,85527,70.7831, 99.794,-70.7831,-99.794,Refrigeration,Refrigerator
85499,85501,84.8235,66.8789,-84.9602,-63.9198,Refrigeration,Refrigerator
85422,85433,56.8913,-0.376629,-60.3792,-2.44948,Entertainment,1
85449,85452,723.0427,400.1124,-723.0427,-400.1124,Cooking,Microwave Oven 21
85467,85476,136.3,-7.144244,-139.6018,9.281294,Entertainment,4
85492,85494,54.7254, 13.874,-54.4933,-16.6948,Entertainment,1
86357,86375,82.0894,95.4641,-79.2688,-94.2167,Refrigeration,Refrigerator
86334,86338,9.9396,-1.3945,-9.9396,1.3945,Lighting,1
86334,86349,9.6582,-0.0036276,-9.6582, 0.0036276,Lighting,1
86334,86365,84.65737,116.4238,-84.65737,-116.4238,Cooking,Extractor 1
86418,86435,80.753,94.9198, -80.73,-94.4147,Refrigeration,Refrigerator
86394,86397,11.6363,-0.275999,-11.6363,0.275999,Lighting,1
86394,86406,10.0831,-1.84506,-10.0831,1.84506,Lighting,1
86394,86425,81.15745,115.3571,-81.15745,-115.3571,Cooking,Extractor 1
86468,86483,84.66935,70.45688,-82.5541,-116.2854,Cooking,Extractor 2
86532,86550,83.2602,95.1034,-77.6888,-93.9258,Refrigeration,Refrigerator
86512,86517,11.0525,1.81005,-11.0525,-1.81005,Lighting,1
86512,86530,9.5704,-1.5257,-9.5704,1.5257,Lighting,1
86512,86542,84.581,116.1271, -84.581,-116.1271,Cooking,Extractor 1
86591,86609,88.9142,95.3937,-75.4594,-92.7176,Refrigeration,Refrigerator
86571,86576,11.0002,1.26324,-11.0002,-1.26324,Lighting,1
86571,86602,87.80839,113.3741,-87.80839,-113.3741,Cooking,Extractor 1
86589,86595,80.5687,70.1843,-92.5496,-70.6685,Cooking,Extractor 2
86711,86728,86.8836,90.5775,-75.2635,-88.3084,Refrigeration,Refrigerator
86709,86714,87.9523,63.5962,-83.4111,-69.5146,Cooking,Extractor 2
86715,86718,84.8393,66.7681,-86.691,-66.225,Cooking,Extractor 2
86825,86959,81.3264,96.8529,-84.4,-93.0132,Refrigeration,Refrigerator
86994,87011,97.0624,94.0354,-83.9362,-94.5538,Refrigeration,Refrigerator
86752,86792,102.241, 110.446,-102.241,-110.446,Cooking,Extractor 3
86811,86841,117.3632,116.6416,-125.3969,-123.9638,Cooking,Extractor 3
86871,86902,103.5233,115.6174,-103.5233,-115.6174,Cooking,Extractor 3
86931,86961,103.6592,115.4064,-142.4933,-113.749,Cooking,Extractor 3
86786,86788,532.321,-5.114297,-532.321,5.114297,Cooking,47
86790,86792,536.2568,-7.463946,-536.2568,7.463946,Cooking,47
86786,86798,61.0134,82.5312,-61.0134,-82.5312,Cooking,Microwave Oven 5
86820,86843,75.6467,69.0177,-75.6467,-69.0177,Cooking,Microwave Oven 5
86860,86869,829.92985,1147.9339,-829.92985,-1147.9339,Cleaning,Vaccum Cleaner 2
86884,86889,937.39791,1130.1145,-937.39791,-1130.1145,Cleaning,Vaccum Cleaner 2
86884,86895,62.1849, 1.1446,-62.1849,-1.1446,Entertainment,1
86969,86987,70.9805,1.70243,-70.9805,-1.70243,Entertainment,1
86903,86912,142.9158,-6.622403,-142.1926, 9.23576,Entertainment,4
86981,86987,141.2599,-11.04265,-141.2599,11.04265,Entertainment,4
86771,86902,74.3928,92.7174,-74.3928,-92.7174,Cooking,Extractor 4
86781,86785,1017.9668,-62.517896,-1871.0466,23.781242,Cooking,8
86793,86843,92.9744,75.2881,-92.9744,-75.2881,Cooking,Extractor 2
86796,86996,110.2348,60.771,-112.0373,-56.82379,Cooking,Extractor 16
86860,86985,63.9528,-3.44138,-63.9528,3.44138,Entertainment,1
86881,86883,435.3259,561.3765,-438.9701,-559.512,Cooking,Microwave Oven 22
86915,86917,752.1271,280.1917,-750.5488,-280.1236,Cooking,Microwave Oven 15
86976,86978,737.5417,280.0361,-742.0679,-276.081,Cooking,Microwave Oven 15
87013,87016,1467.4073,557.60362,-1468.7299,-556.57839,Cooking,Microwave Oven 1
87038,87085,Cleaning,Washing Machine
87095,87101,1218.6954,-13.760269,-1218.6954,13.760269,Cooking,4
87097,87101,1194.344,68.673894,-1194.344,-68.673894,Cooking,4
87159,87177,85.3214,96.2957,-87.1573,-90.3683,Refrigeration,Refrigerator
87172,87194,5.5377, -0.092284,-5.5377,0.092284,Lighting,1
87172,87204,81.93296, 115.118,-81.93296,-115.118,Cooking,Extractor 1
87196,87211,82.7203,71.0815,-86.0792,-68.8109,Cooking,Extractor 2
87721,87728,11.2309,-0.654498,-11.2309,0.654498,Lighting,1
87721,87748,79.56959,111.1648,-79.56959,-111.1648,Cooking,Extractor 1
87776,87779,9.662,2.5527,-9.662,-2.5527,Lighting,1
87776,87803,80.83782,111.6611,-80.83782,-111.6611,Cooking,Extractor 1
88004,88018,79.1745,94.4658,-78.3327,-91.1311,Refrigeration,Refrigerator
87997,88000,14.1237,0.481189,-14.1237,-0.481189,Lighting,1
87997,88014,9.9502, -0.061609,-9.9502,0.061609,Lighting,1
87997,88023,79.85416, 109.491,-79.85416,-109.491,Cooking,Extractor 1
88061,88076,78.0079,94.7468,-74.8161,-91.3392,Refrigeration,Refrigerator
88053,88058,10.3186,1.38526,-10.3186,-1.38526,Lighting,1
88053,88073,9.4743,0.20808,-9.4743,-0.20808,Lighting,1
88053,88078,78.47798,109.2233,-78.47798,-109.2233,Cooking,Extractor 1
88093,88099,84.2641,67.2139,-83.7671,-68.4437,Cooking,Extractor 2
88118,88133,80.0002,94.4564,-83.6461,-90.1869,Refrigeration,Refrigerator
88108,88111,11.0622,-2.11156,-11.0622,2.11156,Lighting,1
88108,88117,10.1069,1.81293,-10.1069,-1.81293,Lighting,1
88108,88134,78.68255,112.2991,-78.68255,-112.2991,Cooking,Extractor 1
88177,88193,79.0393,92.9193,-77.2635,-91.6351,Refrigeration,Refrigerator
88164,88167,10.1408,3.78295,-10.1408,-3.78295,Lighting,1
88164,88186,11.4028,2.46299,-11.4028,-2.46299,Lighting,1
88164,88190,82.40622,111.8974,-82.40622,-111.8974,Cooking,Extractor 1
89301,89317,92.5416,96.0221,-79.8313,-93.2633,Refrigeration,Refrigerator
89327,89332,17.3464,0.571796,-17.3464,-0.571796,Lighting,1
89327,89353,84.99568,114.0581,-84.99568,-114.0581,Cooking,Extractor 1
89358,89373,80.7498,96.3124,-79.2446,-94.0012,Refrigeration,Refrigerator
89381,89382,11.8072,-2.29152,-11.8072,2.29152,Lighting,1
89381,89385,10.576,-0.651154,-10.576,0.651154,Lighting,1
89381,89392,9.1132,1.0504,-9.1132,-1.0504,Lighting,1
89381,89407,82.99928, 113.748,-82.99928,-113.748,Cooking,Extractor 1
89415,89430,79.7714,95.0147,-78.5836,-94.7227,Refrigeration,Refrigerator
89472,89488,94.1517,95.7742,-77.8839,-93.7247,Refrigeration,Refrigerator
89530,89545,82.4449, 94.122,-81.413,-90.9715,Refrigeration,Refrigerator
89547,89550,10.5574,2.94164,-10.5574,-2.94164,Lighting,1
89547,89557,10.0789,-3.1806,-10.0789, 3.1806,Lighting,1
89547,89573,83.86804,111.9588,-83.86804,-111.9588,Cooking,Extractor 1
89589,89605,77.9272,92.8928,-86.9173,-92.5832,Refrigeration,Refrigerator
89602,89611,10.1138,-1.75657,-10.1138,1.75657,Lighting,1
89602,89629,79.25227,113.9196,-79.25227,-113.9196,Cooking,Extractor 1
89619,89623,80.5005,66.1788,-84.3925,-63.942,Cooking,Extractor 2
89647,89683,81.2645,93.8637,-79.509,-80.5971,Refrigeration,Refrigerator
89657,89663,101.7974,114.6803,-141.4761,-143.5719,Cooking,Extractor 3
89664,89666,1190.959,-373.31042,-1190.959,373.31042,Cooking,50
89664,89669,86.6424,72.97,-86.6424, -72.97,Cooking,Extractor 2
89705,89916,Cleaning,Washing Machine
89946,89977,82.9, 96.1,-77.1,-88.8,Refrigeration,Refrigerator
89952,89954,1470.1,,566.9,-1327.3,-579,Cooking,Microwave Oven 1
90021,90041,79.7425,96.3202,-79.6155,-92.8343,Refrigeration,Refrigerator
89998,90003,11.0287, 1.6284,-11.0287,-1.6284,Lighting,1
89998,90032,86.07064,113.5465,-86.07064,-113.5465,Cooking,Extractor 1
90009,90010,32.5002,19.4798,-38.7755,-18.6984,Lighting,2
90089,90107,80.2558,86.3291,-78.779,-94.1588,Refrigeration,Refrigerator
90057,90088,108.951,118.5488,-77.12518,-105.1759,Cooking,Extractor 3
90079,90105,85.7019,64.7912,-92.4991,-64.3408,Cooking,Extractor 2
90144,90166,83.8277,92.2754,-78.3975,-92.445,Refrigeration,Refrigerator
90114,90116,28.8341,0.611884,-28.8341,-0.611884,Entertainment,2
90114,90124,9.9332,0.20694,-9.9332,-0.20694,Lighting,1
90114,90155,10.0162,-2.25492,-10.0162,2.25492,Lighting,1
90114,90160,80.91082,110.7149,-80.91082,-110.7149,Cooking,Extractor 1
90131,90136,1052.9813,-6.5077643,-1047.9516,11.896401,Cooking,8
90142,90143,19.5951,-11.5978,-20.5813,13.2318,Entertainment,2
90185,90954,Cleaning,Washing Machine
90972,90979,77.554,92.4285,-76.686,-91.3952,Refrigeration,Refrigerator
90982,91150,104.3476,112.5333,-103.0052,-110.6577,Cooking,Extractor 3
91429,91448,85.7709,94.2745,-84.1827,-93.7996,Refrigeration,Refrigerator
91456,91460,1052.6406,-7.9352993,-1052.6406,7.9352993,Cooking,8
91476,91482,1074.0325,-6.9383464,-1069.4416,3.3508083,Cooking,8
91456,91463,142.1263,-11.62794,-142.1263,11.62794,Entertainment,4
91588,91793,Cleaning,Washing Machine
92076,92092,92.1467,98.5835,-83.9296,-98.8739,Refrigeration,Refrigerator
92086,92088,11.3636, 3.2383,-11.3636,-3.2383,Lighting,1
92086,92114,86.57655,115.4932,-86.57655,-115.4932,Cooking,Extractor 1
92134,92149,78.8, 97.3,-78.4,-95.7,Refrigeration,Refrigerator
92141,92143,11.4,,1.7,-11.4, -1.7,Lighting,1
92141,92172,84.5, 70.8,-84.5,-70.8,Cooking,Extractor 2
92188,92189,1254.6222,369.28448,-1176.001,-271.63273,Cooking,Microwave Oven 23
92196,92199,9.7928,-0.48346,-9.7928,0.48346,Lighting,1
92196,92203,10.3681,-0.629833,-10.3681,0.629833,Lighting,1
92196,92224,84.89099,114.8872,-84.89099,-114.8872,Cooking,Extractor 1
92252,92258,13.0996,1.79025,-13.0996,-1.79025,Lighting,1
92252,92279,82.97565,115.5615,-82.97565,-115.5615,Cooking,Extractor 1
92284,92288,88.8665,70.9903,-87.9491,-70.3327,Cooking,Extractor 2
92302,92317,81.6687,96.6872,-80.7503,-95.5092,Refrigeration,Refrigerator
92307,92309,10.9467,1.88287,-10.9467,-1.88287,Lighting,1
92307,92312,9.9676,-1.1868,-9.9676,1.1868,Lighting,1
92307,92334,83.35257,113.3735,-83.35257,-113.3735,Cooking,Extractor 1
92356,92370,79.7077, 96.582,-75.0065,-93.9441,Refrigeration,Refrigerator
92362,92364,12.0514,0.535757,-12.0514,-0.535757,Lighting,1
92362,92368,13.559,-0.552716,-13.559,0.552716,Lighting,1
92362,92389,84.76325,116.1584,-84.76325,-116.1584,Cooking,Extractor 1
92411,92425,78.3717,95.6963,-81.3497,-91.3355,Refrigeration,Refrigerator
92418,92421,12.2043,-0.885051,-12.2043,0.885051,Lighting,1
92418,92445,87.6421,113.9664,-87.6421,-113.9664,Cooking,Extractor 1
92465,92479,82.2519, 95.547,-90.5196,-92.2773,Refrigeration,Refrigerator
92470,92474,86.602,70.8922,-91.1412,-70.9457,Cooking,Extractor 2
92475,92501,103.8301,113.4119,-88.11985,-110.9698,Cooking,Extractor 3
92519,92560,Cleaning,Washing Machine
92632,92709,84.9411,95.4096,-73.3748, -94.17,Refrigeration,Refrigerator
92591,92635,76.768,69.1601,-80.3473,-67.2254,Cooking,Extractor 2
92704,92707,84.574,64.2817,-92.0654,-65.0161,Cooking,Extractor 2
92715,92721,141.21,-6.07204,-142.705,13.10451,Entertainment,4
92752,92769,82.3746,95.8898,-76.7507,-95.1891,Refrigeration,Refrigerator
92756,92759,12.6947, 4.7264,-12.6947,-4.7264,Lighting,1
92756,92763,12.4696,0.0761726,-12.4696, -0.0761726,Lighting,1
92756,92783,87.37326,115.7762,-87.37326,-115.7762,Cooking,Extractor 1
92811,92854,Cleaning,Washing Machine
92927,93116,Cleaning,Washing Machine
93141,93147,13.3849,5.31415,-13.3849,-5.31415,Lighting,1
93141,93153,9.6829,-0.56305,-9.6829,0.56305,Lighting,1
93141,93174,86.14346,110.3604,-86.14346,-110.3604,Cooking,Extractor 1
93201,93208,10.6088,1.53329,-10.6088,-1.53329,Lighting,1
93201,93213,9.5704,-2.1154,-9.5704,2.1154,Lighting,1
93201,93231,85.26662,113.0659,-85.26662,-113.0659,Cooking,Extractor 1
93250,93391,81.75,82,-74.3,-92.9,Refrigeration,Refrigerator
93253,93289,142.6, -39.4,-142.6,,39.4,Entertainment,4
93361,93435,143.2, -11.4,-143.2,,11.4,Entertainment,4
93259,93363,31.9,-18.8,-31.9, 18.8,Entertainment,2
93336,93348,24.9,-10.7,-24.9, 10.7,Entertainment,2
93341,93348,37.7, -4.1,-37.7,,4.1,Entertainment,2
93417,93435,37.05, -12.25, -37.05,12.25,Entertainment,2
93261,93289,70.7, 88.9,-70.7,-88.9,Cooking,Extractor 4
93370,93450,77.2, 94.8,-77.2,-94.8,Cooking,Extractor 4
93243,93435,74.5,-12.6,-74.5, 12.6,Entertainment,6
93246,93252,78.4, 52.7,-78.4,-52.7,Cooking,Extractor 2
93246,93439,17.4,-21.3,-17.4, 21.3,Lighting,3
93246,93455,11.2, -4.2,-11.2,,4.2,Lighting,1
93259,93278,58.5,119.05, -58.5, -119.05,Cooking,Extractor 13
93259,93368,31.1, 2.15,-31.1,-2.15,Entertainment,2
93317,93450,106.5,,83.9,-106.5, -83.9,Cooking,Microwave Oven 13
93320,93346,139.4, 181.4,-139.4,-181.4,Cooking,Microwave Oven 4
93320,93416,38.85,22.35, -38.85, -22.35,Entertainment,5
93492,93509,77.3462,92.6891,-76.6746,-96.123,Refrigeration,Refrigerator
93487,93490,11.8271,-2.7676,-11.8271, 2.7676,Lighting,1
93487,93503,10.266,2.10428,-10.266,-2.10428,Lighting,1
93487,93515,81.41651,116.3734,-81.41651,-116.3734,Cooking,Extractor 1
93543,93546,10.178,-1.25568,-10.178,1.25568,Lighting,1
93543,93571,79.04589,115.9611,-79.04589,-115.9611,Cooking,Extractor 1
93611,93626,75.15401,96.23322,-90.82416,-119.2297,Cooking,Extractor 4
93671,93687,86.60082,100.1083,-75.90617,-97.36297,Refrigeration,Refrigerator
93647,93653,87.3505,73.0051,-86.2291,-69.9263,Cooking,Extractor 2
93732,93748,80.1977,96.9139,-72.3979,-96.126,Refrigeration,Refrigerator
93709,93712,9.8195,-0.32382,-9.8195,0.32382,Lighting,1
93709,93717,10.1719,0.173155,-10.1719,-0.173155,Lighting,1
93709,93736,80.63711,116.7739,-80.63711,-116.7739,Cooking,Extractor 1
93709,93746,9.5194,-0.52669,-9.5194,0.52669,Lighting,1
93791,93792,83.8195,-13.567,-86.1408,-4.53585,Entertainment,6
93827,93834,81.148, 70.884,-92.3423,-66.3329,Cooking,Extractor 2
93877,93878,561.5488,533.2575,-561.5488,-533.2575,Cooking,Microwave Oven 24
93877,93881,10.6556,-0.252329,-10.6556,0.252329,Lighting,1
93877,93888,10.2427,0.749331,-10.2427,-0.749331,Lighting,1
93877,93904,82.03141,114.6604,-82.03141,-114.6604,Cooking,Extractor 1
93911,93926,81.8463,96.6034,-81.4433,-95.4856,Refrigeration,Refrigerator
93934,93938,12.3354,0.291039,-12.3354,-0.291039,Lighting,1
93934,93944,9.3743,1.9343,-9.3743,-1.9343,Lighting,1
93934,93961,81.5756,115.1816,-81.5756,-115.1816,Cooking,Extractor 1
93971,93986,78.9842,92.2294,-77.2995,-91.3576,Refrigeration,Refrigerator
93990,93993,1239.28,150.85629,-1150.1436,-63.651002,Cooking,Microwave Oven 25
93994,93997,825.1851,-7.722715,-825.3637,4.579201,Cooking,24
94001,94002,1049.0536,-8.0777344,-1045.8825, 6.984237,Cooking,8
94008,94013,87.897,68.0809,-82.3608,-68.0063,Cooking,Extractor 2
94991,94996,12.8293,2.88564,-12.8293,-2.88564,Lighting,1
94991,95014,10.7821,0.345526,-10.7821,-0.345526,Lighting,1
94991,95017,81.0373,21.8801,-81.0373,-21.8801,Entertainment,7
95041,95068,82.75697,73.00877,-80.18176,-117.3951,Cooking,Extractor 2
95085,95100,91.471,98.9212,-86.951,-96.002,Refrigeration,Refrigerator
95093,95095,10.6083,-1.59993,-10.6083,1.59993,Lighting,1
95093,95118,84.7041,118.8598,-84.7041,-118.8598,Cooking,Extractor 1
95139,95153,81.7549,97.5284,-75.2607,-92.962,Refrigeration,Refrigerator
95143,95147,11.0991,1.43495,-11.0991,-1.43495,Lighting,1
95143,95151,10.3787,-2.23545,-10.3787,2.23545,Lighting,1
95143,95168,83.61268,113.9383,-83.61268,-113.9383,Cooking,Extractor 1
95195,95198,9.8269,-4.2652,-9.8269,4.2652,Lighting,1
95195,95219,82.87727, 111.703,-82.87727,-111.703,Cooking,Extractor 1
95246,95257,11.253,0.104921,-11.253,-0.104921,Lighting,1
95246,95271,80.28657,112.9013,-80.28657,-112.9013,Cooking,Extractor 1
95297,95299,8.4484,0.26827,-8.4484,-0.26827,Lighting,1
95297,95322,80.93758,113.9617,-80.93758,-113.9617,Cooking,Extractor 1
95333,95337,87.1346,71.0496,-86.2078,-69.5351,Cooking,Extractor 2
95360,95375,89.402,97.5658,-73.0647,-93.179,Refrigeration,Refrigerator
95441,95447,87.1549,69.9987,-86.6804,-66.7694,Cooking,Extractor 2
95474,95489,93.6847,94.9231,-87.4102,-92.7743,Refrigeration,Refrigerator
95472,95473,83.8625, 68.771,-84.1044,-70.7937,Cooking,Extractor 2
95506,95541,Cleaning,Washing Machine
95714,95717,10.9952,2.84121,-10.9952,-2.84121,Entertainment,2
95754,95755,30.5293,18.3948,-38.795,-18.6257,Entertainment,2
95809,95814,56.1367,0.123036,-57.9215,0.744307,Entertainment,2
95714,95722,8.0218,-2.0911,-8.0218,2.0911,Lighting,1
95768,95775,12.3415,-1.69712,-12.3415,1.69712,Lighting,1
95714,95796,83.58375, 111.828,-83.58375,-111.828,Cooking,Extractor 1
95764,95789,141.9514,-11.15932,-136.678,10.03871,Entertainment,4
95768,95816,134.2997,91.22197,-134.2997,-91.22197,Cooking,Extractor 7
95795,95808,82.3884,64.8786,-83.4683,-67.6954,Cooking,Extractor 2
96019,96028,166.1266,202.3396,-87.11566,-108.856,Cooking,Extractor 17
96241,96247,76.98969,118.8057,-85.8134,-114.5966,Cooking,Extractor 1
96487,96626,76.05343,95.50597,-103.6901,-145.3435,Cooking,Extractor 1
96225,96486,254.7123,68.70082,-245.3182,33.87865,Cooking,Extractor 18
97004,97108,129.197,-11.0238,-129.197, 11.0238,Entertainment,4
97004,97261,71.8796,80.7731,-71.8796,-80.7731,Cooking,Extractor 4
97288,97547,91.14574,111.9196,-86.91959,-115.1606,Cooking,Extractor 3
97309,97313,82.86623,109.2594,-82.86623,-109.2594,Cooking,Extractor 3
97519,97685,106.8839,118.5864,-110.9151,-90.33763,Cooking,Extractor 3
97691,97724,104.0433,116.2876,-98.34837,-106.3501,Cooking,Extractor 3
97309,97400,12.9788,-17.9574,-12.9788,17.9574,Lighting,3
97423,97426,1482.5749,549.22102,-1470.7815,-522.4679,Cooking,Microwave Oven 1
97687,97690,63.7513,-10.466,-63.7513, 10.466,Entertainment,1
97687,97707,50.3358,-10.2569,-50.3358,10.2569,Entertainment,1
97765,97781,80.8176,93.7259,-74.8136,-91.4963,Refrigeration,Refrigerator
97749,97752,11.4995,-0.599965,-11.4995,0.599965,Lighting,1
97749,97759,9.8402,-1.6909,-9.8402,1.6909,Lighting,1
97749,97776,88.51776,112.6896,-88.51776,-112.6896,Cooking,Extractor 1
97823,97839,88.3711,96.4723,-76.6857,-92.7372,Refrigeration,Refrigerator
97880,97895,81.0875,96.5787,-73.7875,-93.5795,Refrigeration,Refrigerator
97863,97868,11.2728,-0.512633,-11.2728,0.512633,Lighting,1
97863,97879,9.8003,-0.85846,-9.8003,0.85846,Lighting,1
97863,97891,86.73598,113.7295,-86.73598,-113.7295,Cooking,Extractor 1
97977,97979,21.0083,-1.29234,-21.0083,1.29234,Entertainment,2
97977,97983,11.7509,-0.648273,-11.7509,0.648273,Lighting,1
97977,98014,81.8522,69.0752,-81.8522,-69.0752,Cooking,Extractor 2
98034,98038,12.59,1.25189, -12.59,-1.25189,Lighting,1
98034,98061,78.66856,116.3578,-78.66856,-116.3578,Cooking,Extractor 1
